Workbook

Sheet Roulement V2
B1: ROULEMENT MÉDECINS ASSOCIÉS — V2 optimisée (juillet 2026)
A3: Jour | B3: Créneau | C3: S1 Beaune | D3: S1 Dijon | E3: S2 Beaune | F3: S2 Dijon | G3: S3 Beaune | H3: S3 Dijon | I3: S4 Beaune | J3: S4 Dijon | K3: S5 Beaune | L3: S5 Dijon | M3: S6 Beaune | N3: S6 Dijon | O3: S7 Beaune | P3: S7 Dijon | Q3: S8 Beaune | R3: S8 Dijon
A4: Lundi | B4: J1 | C4: CB | E4: TE | G4: XB | I4: CB | K4: CB | O4: XB | Q4: CC
B5: J2 | C5: XB | D5: TE | E5: IEG | F5: CC | G5: IEG | I5: MY | J5: MC | L5: XB | M5: CC | N5: MY | O5: CB | P5: AS | Q5: IEG | R5: MC
B6: J3 | C6: AS | D6: MC | E6: MC | F6: MY | G6: MY | H6: AS | I6: IEG | J6: CC | K6: MC | L6: TE | M6: MC | N6: TE | O6: TE | R6: CB
B7: J4 | D7: CC | F7: XB | H7: CB | J7: AS | L7: CC | N7: XB | P7: MY | R7: AS
B8: J5
B9: J6
B10: J7 | D10: LD | F10: LD | H10: TE | J10: LD | L10: AS | N10: LD | R10: MY
B11: J8 | R11: LD
A12: Mardi | B12: J1 | E12: IEG | G12: IEG | I12: IEG | M12: IEG | O12: TE | Q12: XB
B13: J2 | C13: LD | E13: TE | F13: MC | G13: MY | H13: CC | I13: MC | L13: AS | M13: TE | N13: MC | O13: CC | P13: MC | Q13: MC | R13: CC
B14: J3 | C14: IEG | D14: CB | E14: CC | F14: CB | G14: MC | H14: TE | I14: CC | J14: AS | K14: IEG | L14: CB | M14: CC | N14: CB | O14: AS | P14: CB | Q14: MY | R14: AS
B15: J4 | D15: MY | F15: AS | H15: XB | I15: MY | J15: XB | L15: MY | M15: MY | N15: LD | P15: XB | R15: CB
B16: J5
B17: J6
B18: J7 | D18: AS | F18: LD | H18: LD | J18: LD | P18: LD | R18: LD
B19: J8
A20: Mercredi | B20: J1 | C20: MC | E20: TE | G20: TE | I20: MC | K20: MC | M20: TE | Q20: MC
B21: J2 | C21: TE | D21: AS | E21: AS | F21: CB | G21: CB | H21: AS | I21: XB | K21: IEG | L21: AS | M21: IEG | N21: AS | O21: CB | P21: CC | Q21: XB
B22: J3 | C22: IEG | E22: XB | G22: CC | I22: IEG | J22: CB | K22: TE | M22: XB | N22: CB | P22: TE | Q22: IEG | R22: AS
B23: J4 | G23: IEG | J23: AS | P23: AS
B24: J5
B25: J6
B26: J7
B27: J8
A28: Jeudi | B28: J1 | C28: TE | E28: CC | G28: CC | I28: MY | K28: IEG | M28: IEG | O28: CC
B29: J2 | C29: LD | D29: XB | E29: CB | F29: TE | G29: LD | H29: XB | I29: IEG | J29: TE | K29: XB | L29: MY | M29: AS | N29: CB | O29: MY | P29: XB | Q29: IEG | R29: TE
B30: J3 | C30: MY | D30: CC | E30: IEG | F30: XB | H30: TE | I30: XB | J30: CC | K30: TE | L30: LD | M30: XB | N30: TE | O30: TE | P30: LD | Q30: XB | R30: CB
B31: J4 | C31: IEG | D31: CB | F31: MY | H31: MY | J31: CB | L31: CB | N31: CC | R31: CC
B32: J5
B33: J6
B34: J7 | F34: LD | J34: LD | L34: CC | N34: MY | R34: LD
B35: J8
A36: vendredi | B36: J1 | C36: XB | E36: XB | G36: LD | I36: AS | K36: XB | M36: LD | Q36: AS
B37: J2 | C37: IEG | D37: MY | E37: CC | F37: MC | G37: MY | H37: MC | I37: TE | J37: CB | K37: MY | L37: LD | M37: MC | N37: CC | P37: LD | Q37: LD
B38: J3 | C38: MC | E38: MY | F38: AS | I38: MC | J38: LD | L38: MC | M38: IEG | N38: MY | O38: MC | P38: MY | Q38: TE | R38: CB
B39: J4 | E39: IEG | G39: IEG | N39: AS | R39: MC
B40: J5
B41: J6
B42: J7 | N42: XB | R42: MY
B43: J8
A44: Samedi | B44: Garde | C44: CB | D44: AS | E44: CC | F44: MC | G44: XB | H44: TE | I44: IEG | J44: MY | K44: AS | L44: CB | M44: MC | N44: CC | O44: TE | P44: XB | Q44: MY
B45: Doublon | E45: LD | K45: IEG | N45: LD | Q45: IEG
A46: Dimanche | B46: Garde | C46: CB | D46: AS | E46: CC | F46: MC | G46: XB | H46: TE | I46: IEG | J46: MY | K46: AS | L46: CB | M46: MC | N46: CC | O46: TE | P46: XB | Q46: MY
B47: Doublon | E47: LD | N47: LD | Q47: IEG

Sheet Matthieu Cadennes
A1: Planning V2 — Matthieu Cadennes (MC)
A2: Roulement sur 8 semaines · lié à la feuille "Roulement V2" (mise à jour automatique)
A4: Jour | B4: S1 | C4: S2 | D4: S3 | E4: S4 | F4: S5 | G4: S6 | H4: S7 | I4: S8
A5: Lundi | B5: {=_xlfn.TEXTJOIN(" + ",TRUE,IF('Roulement V2'!C4="MC","J1 · 8h-16h · Beaune",""),IF('Roulement V2'!D4="MC","J1 · 8h-16h · Dijon",""),IF('Roulement V2'!C5="MC","J2 · 14h-22h · Beaune",""),IF('Roulement V2'!D5="MC","J2 · 14h-22h · Dijon",""),IF('Roulement V2'!C6="MC","journée · 8h-18h30 · Beaune",""),IF('Roulement V2'!D6="MC","journée · 8h-18h30 · Dijon",""),IF('Roulement V2'!C7="MC","journée · 8h-18h30 · Beaune",""),IF('Roulement V2'!D7="MC","journée · 8h-18h30 · Dijon",""),IF('Roulement V2'!C8="MC","J5 · 12h-20h · Beaune",""),IF('Roulement V2'!D8="MC","J5 · 12h-20h · Dijon",""),IF('Roulement V2'!C9="MC","préJ2/J6 · 8h-14h · Beaune",""),IF('Roulement V2'!D9="MC","préJ2/J6 · 8h-14h · Dijon",""),IF('Roulement V2'!C10="MC","journée · 8h-18h30 · Beaune",""),IF('Roulement V2'!D10="MC","journée · 8h-18h30 · Dijon",""),IF('Roulement V2'!C11="MC","journée · 8h-18h30 · Beaune",""),IF('Roulement V2'!D11="MC","journée · 8h-18h30 · Dijon",""))} -> journée · 8h-18h30 · Dijon | C5: {=_xlfn.TEXTJOIN(" + ",TRUE,IF('Roulement V2'!E4="MC","J1 · 8h-16h · Beaune",""),IF('Roulement V2'!F4="MC","J1 · 8h-16h · Dijon",""),IF('Roulement V2'!E5="MC","J2 · 14h-22h · Beaune",""),IF('Roulement V2'!F5="MC","J2 · 14h-22h · Dijon",""),IF('Roulement V2'!E6="MC","journée · 8h-18h30 · Beaune",""),IF('Roulement V2'!F6="MC","journée · 8h-18h30 · Dijon",""),IF('Roulement V2'!E7="MC","journée · 8h-18h30 · Beaune",""),IF('Roulement V2'!F7="MC","journée · 8h-18h30 · Dijon",""),IF('Roulement V2'!E8="MC","J5 · 12h-20h · Beaune",""),IF('Roulement V2'!F8="MC","J5 · 12h-20h · Dijon",""),IF('Roulement V2'!E9="MC","préJ2/J6 · 8h-14h · Beaune",""),IF('Roulement V2'!F9="MC","préJ2/J6 · 8h-14h · Dijon",""),IF('Roulement V2'!E10="MC","journée · 8h-18h30 · Beaune",""),IF('Roulement V2'!F10="MC","journée · 8h-18h30 · Dijon",""),IF('Roulement V2'!E11="MC","journée · 8h-18h30 · Beaune",""),IF('Roulement V2'!F11="MC","journée · 8h-18h30 · Dijon",""))} -> journée · 8h-18h30 · Beaune | D5: {=_xlfn.TEXTJOIN(" + ",TRUE,IF('Roulement V2'!G4="MC","J1 · 8h-16h · Beaune",""),IF('Roulement V2'!H4="MC","J1 · 8h-16h · Dijon",""),IF('Roulement V2'!G5="MC","J2 · 14h-22h · Beaune",""),IF('Roulement V2'!H5="MC","J2 · 14h-22h · Dijon",""),IF('Roulement V2'!G6="MC","journée · 8h-18h30 · Beaune",""),IF('Roulement V2'!H6="MC","journée · 8h-18h30 · Dijon",""),IF('Roulement V2'!G7="MC","journée · 8h-18h30 · Beaune",""),IF('Roulement V2'!H7="MC","journée · 8h-18h30 · Dijon",""),IF('Roulement V2'!G8="MC","J5 · 12h-20h · Beaune",""),IF('Roulement V2'!H8="MC","J5 · 12h-20h · Dijon",""),IF('Roulement V2'!G9="MC","préJ2/J6 · 8h-14h · Beaune",""),IF('Roulement V2'!H9="MC","préJ2/J6 · 8h-14h · Dijon",""),IF('Roulement V2'!G10="MC","journée · 8h-18h30 · Beaune",""),IF('Roulement V2'!H10="MC","journée · 8h-18h30 · Dijon",""),IF('Roulement V2'!G11="MC","journée · 8h-18h30 · Beaune",""),IF('Roulement V2'!H11="MC","journée · 8h-18h30 · Dijon",""))} | E5: {=_xlfn.TEXTJOIN(" + ",TRUE,IF('Roulement V2'!I4="MC","J1 · 8h-16h · Beaune",""),IF('Roulement V2'!J4="MC","J1 · 8h-16h · Dijon",""),IF('Roulement V2'!I5="MC","J2 · 14h-22h · Beaune",""),IF('Roulement V2'!J5="MC","J2 · 14h-22h · Dijon",""),IF('Roulement V2'!I6="MC","journée · 8h-18h30 · Beaune",""),IF('Roulement V2'!J6="MC","journée · 8h-18h30 · Dijon",""),IF('Roulement V2'!I7="MC","journée · 8h-18h30 · Beaune",""),IF('Roulement V2'!J7="MC","journée · 8h-18h30 · Dijon",""),IF('Roulement V2'!I8="MC","J5 · 12h-20h · Beaune",""),IF('Roulement V2'!J8="MC","J5 · 12h-20h · Dijon",""),IF('Roulement V2'!I9="MC","préJ2/J6 · 8h-14h · Beaune",""),IF('Roulement V2'!J9="MC","préJ2/J6 · 8h-14h · Dijon",""),IF('Roulement V2'!I10="MC","journée · 8h-18h30 · Beaune",""),IF('Roulement V2'!J10="MC","journée · 8h-18h30 · Dijon",""),IF('Roulement V2'!I11="MC","journée · 8h-18h30 · Beaune",""),IF('Roulement V2'!J11="MC","journée · 8h-18h30 · Dijon",""))} -> J2 · 14h-22h · Dijon | F5: {=_xlfn.TEXTJOIN(" + ",TRUE,IF('Roulement V2'!K4="MC","J1 · 8h-16h · Beaune",""),IF('Roulement V2'!L4="MC","J1 · 8h-16h · Dijon",""),IF('Roulement V2'!K5="MC","J2 · 14h-22h · Beaune",""),IF('Roulement V2'!L5="MC","J2 · 14h-22h · Dijon",""),IF('Roulement V2'!K6="MC","journée · 8h-18h30 · Beaune",""),IF('Roulement V2'!L6="MC","journée · 8h-18h30 · Dijon",""),IF('Roulement V2'!K7="MC","journée · 8h-18h30 · Beaune",""),IF('Roulement V2'!L7="MC","journée · 8h-18h30 · Dijon",""),IF('Roulement V2'!K8="MC","J5 · 12h-20h · Beaune",""),IF('Roulement V2'!L8="MC","J5 · 12h-20h · Dijon",""),IF('Roulement V2'!K9="MC","préJ2/J6 · 8h-14h · Beaune",""),IF('Roulement V2'!L9="MC","préJ2/J6 · 8h-14h · Dijon",""),IF('Roulement V2'!K10="MC","journée · 8h-18h30 · Beaune",""),IF('Roulement V2'!L10="MC","journée · 8h-18h30 · Dijon",""),IF('Roulement V2'!K11="MC","journée · 8h-18h30 · Beaune",""),IF('Roulement V2'!L11="MC","journée · 8h-18h30 · Dijon",""))} -> journée · 8h-18h30 · Beaune | G5: {=_xlfn.TEXTJOIN(" + ",TRUE,IF('Roulement V2'!M4="MC","J1 · 8h-16h · Beaune",""),IF('Roulement V2'!N4="MC","J1 · 8h-16h · Dijon",""),IF('Roulement V2'!M5="MC","J2 · 14h-22h · Beaune",""),IF('Roulement V2'!N5="MC","J2 · 14h-22h · Dijon",""),IF('Roulement V2'!M6="MC","journée · 8h-18h30 · Beaune",""),IF('Roulement V2'!N6="MC","journée · 8h-18h30 · Dijon",""),IF('Roulement V2'!M7="MC","journée · 8h-18h30 · Beaune",""),IF('Roulement V2'!N7="MC","journée · 8h-18h30 · Dijon",""),IF('Roulement V2'!M8="MC","J5 · 12h-20h · Beaune",""),IF('Roulement V2'!N8="MC","J5 · 12h-20h · Dijon",""),IF('Roulement V2'!M9="MC","préJ2/J6 · 8h-14h · Beaune",""),IF('Roulement V2'!N9="MC","préJ2/J6 · 8h-14h · Dijon",""),IF('Roulement V2'!M10="MC","journée · 8h-18h30 · Beaune",""),IF('Roulement V2'!N10="MC","journée · 8h-18h30 · Dijon",""),IF('Roulement V2'!M11="MC","journée · 8h-18h30 · Beaune",""),IF('Roulement V2'!N11="MC","journée · 8h-18h30 · Dijon",""))} -> journée · 8h-18h30 · Beaune | H5: {=_xlfn.TEXTJOIN(" + ",TRUE,IF('Roulement V2'!O4="MC","J1 · 8h-16h · Beaune",""),IF('Roulement V2'!P4="MC","J1 · 8h-16h · Dijon",""),IF('Roulement V2'!O5="MC","J2 · 14h-22h · Beaune",""),IF('Roulement V2'!P5="MC","J2 · 14h-22h · Dijon",""),IF('Roulement V2'!O6="MC","journée · 8h-18h30 · Beaune",""),IF('Roulement V2'!P6="MC","journée · 8h-18h30 · Dijon",""),IF('Roulement V2'!O7="MC","journée · 8h-18h30 · Beaune",""),IF('Roulement V2'!P7="MC","journée · 8h-18h30 · Dijon",""),IF('Roulement V2'!O8="MC","J5 · 12h-20h · Beaune",""),IF('Roulement V2'!P8="MC","J5 · 12h-20h · Dijon",""),IF('Roulement V2'!O9="MC","préJ2/J6 · 8h-14h · Beaune",""),IF('Roulement V2'!P9="MC","préJ2/J6 · 8h-14h · Dijon",""),IF('Roulement V2'!O10="MC","journée · 8h-18h30 · Beaune",""),IF('Roulement V2'!P10="MC","journée · 8h-18h30 · Dijon",""),IF('Roulement V2'!O11="MC","journée · 8h-18h30 · Beaune",""),IF('Roulement V2'!P11="MC","journée · 8h-18h30 · Dijon",""))} | I5: {=_xlfn.TEXTJOIN(" + ",TRUE,IF('Roulement V2'!Q4="MC","J1 · 8h-16h · Beaune",""),IF('Roulement V2'!R4="MC","J1 · 8h-16h · Dijon",""),IF('Roulement V2'!Q5="MC","J2 · 14h-22h · Beaune",""),IF('Roulement V2'!R5="MC","J2 · 14h-22h · Dijon",""),IF('Roulement V2'!Q6="MC","journée · 8h-18h30 · Beaune",""),IF('Roulement V2'!R6="MC","journée · 8h-18h30 · Dijon",""),IF('Roulement V2'!Q7="MC","journée · 8h-18h30 · Beaune",""),IF('Roulement V2'!R7="MC","journée · 8h-18h30 · Dijon",""),IF('Roulement V2'!Q8="MC","J5 · 12h-20h · Beaune",""),IF('Roulement V2'!R8="MC","J5 · 12h-20h · Dijon",""),IF('Roulement V2'!Q9="MC","préJ2/J6 · 8h-14h · Beaune",""),IF('Roulement V2'!R9="MC","préJ2/J6 · 8h-14h · Dijon",""),IF('Roulement V2'!Q10="MC","journée · 8h-18h30 · Beaune",""),IF('Roulement V2'!R10="MC","journée · 8h-18h30 · Dijon",""),IF('Roulement V2'!Q11="MC","journée · 8h-18h30 · Beaune",""),IF('Roulement V2'!R11="MC","journée · 8h-18h30 · Dijon",""))} -> J2 · 14h-22h · Dijon
A6: Mardi | B6: {=_xlfn.TEXTJOIN(" + ",TRUE,IF('Roulement V2'!C12="MC","J1 · 8h-16h · Beaune",""),IF('Roulement V2'!D12="MC","J1 · 8h-16h · Dijon",""),IF('Roulement V2'!C13="MC","J2 · 14h-22h · Beaune",""),IF('Roulement V2'!D13="MC","J2 · 14h-22h · Dijon",""),IF('Roulement V2'!C14="MC","journée · 8h-18h30 · Beaune",""),IF('Roulement V2'!D14="MC","journée · 8h-18h30 · Dijon",""),IF('Roulement V2'!C15="MC","journée · 8h-18h30 · Beaune",""),IF('Roulement V2'!D15="MC","journée · 8h-18h30 · Dijon",""),IF('Roulement V2'!C16="MC","J5 · 12h-20h · Beaune",""),IF('Roulement V2'!D16="MC","J5 · 12h-20h · Dijon",""),IF('Roulement V2'!C17="MC","préJ2/J6 · 8h-14h · Beaune",""),IF('Roulement V2'!D17="MC","préJ2/J6 · 8h-14h · Dijon",""),IF('Roulement V2'!C18="MC","journée · 8h-18h30 · Beaune",""),IF('Roulement V2'!D18="MC","journée · 8h-18h30 · Dijon",""),IF('Roulement V2'!C19="MC","journée · 8h-18h30 · Beaune",""),IF('Roulement V2'!D19="MC","journée · 8h-18h30 · Dijon",""))} | C6: {=_xlfn.TEXTJOIN(" + ",TRUE,IF('Roulement V2'!E12="MC","J1 · 8h-16h · Beaune",""),IF('Roulement V2'!F12="MC","J1 · 8h-16h · Dijon",""),IF('Roulement V2'!E13="MC","J2 · 14h-22h · Beaune",""),IF('Roulement V2'!F13="MC","J2 · 14h-22h · Dijon",""),IF('Roulement V2'!E14="MC","journée · 8h-18h30 · Beaune",""),IF('Roulement V2'!F14="MC","journée · 8h-18h30 · Dijon",""),IF('Roulement V2'!E15="MC","journée · 8h-18h30 · Beaune",""),IF('Roulement V2'!F15="MC","journée · 8h-18h30 · Dijon",""),IF('Roulement V2'!E16="MC","J5 · 12h-20h · Beaune",""),IF('Roulement V2'!F16="MC","J5 · 12h-20h · Dijon",""),IF('Roulement V2'!E17="MC","préJ2/J6 · 8h-14h · Beaune",""),IF('Roulement V2'!F17="MC","préJ2/J6 · 8h-14h · Dijon",""),IF('Roulement V2'!E18="MC","journée · 8h-18h30 · Beaune",""),IF('Roulement V2'!F18="MC","journée · 8h-18h30 · Dijon",""),IF('Roulement V2'!E19="MC","journée · 8h-18h30 · Beaune",""),IF('Roulement V2'!F19="MC","journée · 8h-18h30 · Dijon",""))} -> J2 · 14h-22h · Dijon | D6: {=_xlfn.TEXTJOIN(" + ",TRUE,IF('Roulement V2'!G12="MC","J1 · 8h-16h · Beaune",""),IF('Roulement V2'!H12="MC","J1 · 8h-16h · Dijon",""),IF('Roulement V2'!G13="MC","J2 · 14h-22h · Beaune",""),IF('Roulement V2'!H13="MC","J2 · 14h-22h · Dijon",""),IF('Roulement V2'!G14="MC","journée · 8h-18h30 · Beaune",""),IF('Roulement V2'!H14="MC","journée · 8h-18h30 · Dijon",""),IF('Roulement V2'!G15="MC","journée · 8h-18h30 · Beaune",""),IF('Roulement V2'!H15="MC","journée · 8h-18h30 · Dijon",""),IF('Roulement V2'!G16="MC","J5 · 12h-20h · Beaune",""),IF('Roulement V2'!H16="MC","J5 · 12h-20h · Dijon",""),IF('Roulement V2'!G17="MC","préJ2/J6 · 8h-14h · Beaune",""),IF('Roulement V2'!H17="MC","préJ2/J6 · 8h-14h · Dijon",""),IF('Roulement V2'!G18="MC","journée · 8h-18h30 · Beaune",""),IF('Roulement V2'!H18="MC","journée · 8h-18h30 · Dijon",""),IF('Roulement V2'!G19="MC","journée · 8h-18h30 · Beaune",""),IF('Roulement V2'!H19="MC","journée · 8h-18h30 · Dijon",""))} -> journée · 8h-18h30 · Beaune | E6: {=_xlfn.TEXTJOIN(" + ",TRUE,IF('Roulement V2'!I12="MC","J1 · 8h-16h · Beaune",""),IF('Roulement V2'!J12="MC","J1 · 8h-16h · Dijon",""),IF('Roulement V2'!I13="MC","J2 · 14h-22h · Beaune",""),IF('Roulement V2'!J13="MC","J2 · 14h-22h · Dijon",""),IF('Roulement V2'!I14="MC","journée · 8h-18h30 · Beaune",""),IF('Roulement V2'!J14="MC","journée · 8h-18h30 · Dijon",""),IF('Roulement V2'!I15="MC","journée · 8h-18h30 · Beaune",""),IF('Roulement V2'!J15="MC","journée · 8h-18h30 · Dijon",""),IF('Roulement V2'!I16="MC","J5 · 12h-20h · Beaune",""),IF('Roulement V2'!J16="MC","J5 · 12h-20h · Dijon",""),IF('Roulement V2'!I17="MC","préJ2/J6 · 8h-14h · Beaune",""),IF('Roulement V2'!J17="MC","préJ2/J6 · 8h-14h · Dijon",""),IF('Roulement V2'!I18="MC","journée · 8h-18h30 · Beaune",""),IF('Roulement V2'!J18="MC","journée · 8h-18h30 · Dijon",""),IF('Roulement V2'!I19="MC","journée · 8h-18h30 · Beaune",""),IF('Roulement V2'!J19="MC","journée · 8h-18h30 · Dijon",""))} -> J2 · 14h-22h · Beaune | F6: {=_xlfn.TEXTJOIN(" + ",TRUE,IF('Roulement V2'!K12="MC","J1 · 8h-16h · Beaune",""),IF('Roulement V2'!L12="MC","J1 · 8h-16h · Dijon",""),IF('Roulement V2'!K13="MC","J2 · 14h-22h · Beaune",""),IF('Roulement V2'!L13="MC","J2 · 14h-22h · Dijon",""),IF('Roulement V2'!K14="MC","journée · 8h-18h30 · Beaune",""),IF('Roulement V2'!L14="MC","journée · 8h-18h30 · Dijon",""),IF('Roulement V2'!K15="MC","journée · 8h-18h30 · Beaune",""),IF('Roulement V2'!L15="MC","journée · 8h-18h30 · Dijon",""),IF('Roulement V2'!K16="MC","J5 · 12h-20h · Beaune",""),IF('Roulement V2'!L16="MC","J5 · 12h-20h · Dijon",""),IF('Roulement V2'!K17="MC","préJ2/J6 · 8h-14h · Beaune",""),IF('Roulement V2'!L17="MC","préJ2/J6 · 8h-14h · Dijon",""),IF('Roulement V2'!K18="MC","journée · 8h-18h30 · Beaune",""),IF('Roulement V2'!L18="MC","journée · 8h-18h30 · Dijon",""),IF('Roulement V2'!K19="MC","journée · 8h-18h30 · Beaune",""),IF('Roulement V2'!L19="MC","journée · 8h-18h30 · Dijon",""))} | G6: {=_xlfn.TEXTJOIN(" + ",TRUE,IF('Roulement V2'!M12="MC","J1 · 8h-16h · Beaune",""),IF('Roulement V2'!N12="MC","J1 · 8h-16h · Dijon",""),IF('Roulement V2'!M13="MC","J2 · 14h-22h · Beaune",""),IF('Roulement V2'!N13="MC","J2 · 14h-22h · Dijon",""),IF('Roulement V2'!M14="MC","journée · 8h-18h30 · Beaune",""),IF('Roulement V2'!N14="MC","journée · 8h-18h30 · Dijon",""),IF('Roulement V2'!M15="MC","journée · 8h-18h30 · Beaune",""),IF('Roulement V2'!N15="MC","journée · 8h-18h30 · Dijon",""),IF('Roulement V2'!M16="MC","J5 · 12h-20h · Beaune",""),IF('Roulement V2'!N16="MC","J5 · 12h-20h · Dijon",""),IF('Roulement V2'!M17="MC","préJ2/J6 · 8h-14h · Beaune",""),IF('Roulement V2'!N17="MC","préJ2/J6 · 8h-14h · Dijon",""),IF('Roulement V2'!M18="MC","journée · 8h-18h30 · Beaune",""),IF('Roulement V2'!N18="MC","journée · 8h-18h30 · Dijon",""),IF('Roulement V2'!M19="MC","journée · 8h-18h30 · Beaune",""),IF('Roulement V2'!N19="MC","journée · 8h-18h30 · Dijon",""))} -> J2 · 14h-22h · Dijon | H6: {=_xlfn.TEXTJOIN(" + ",TRUE,IF('Roulement V2'!O12="MC","J1 · 8h-16h · Beaune",""),IF('Roulement V2'!P12="MC","J1 · 8h-16h · Dijon",""),IF('Roulement V2'!O13="MC","J2 · 14h-22h · Beaune",""),IF('Roulement V2'!P13="MC","J2 · 14h-22h · Dijon",""),IF('Roulement V2'!O14="MC","journée · 8h-18h30 · Beaune",""),IF('Roulement V2'!P14="MC","journée · 8h-18h30 · Dijon",""),IF('Roulement V2'!O15="MC","journée · 8h-18h30 · Beaune",""),IF('Roulement V2'!P15="MC","journée · 8h-18h30 · Dijon",""),IF('Roulement V2'!O16="MC","J5 · 12h-20h · Beaune",""),IF('Roulement V2'!P16="MC","J5 · 12h-20h · Dijon",""),IF('Roulement V2'!O17="MC","préJ2/J6 · 8h-14h · Beaune",""),IF('Roulement V2'!P17="MC","préJ2/J6 · 8h-14h · Dijon",""),IF('Roulement V2'!O18="MC","journée · 8h-18h30 · Beaune",""),IF('Roulement V2'!P18="MC","journée · 8h-18h30 · Dijon",""),IF('Roulement V2'!O19="MC","journée · 8h-18h30 · Beaune",""),IF('Roulement V2'!P19="MC","journée · 8h-18h30 · Dijon",""))} -> J2 · 14h-22h · Dijon | I6: {=_xlfn.TEXTJOIN(" + ",TRUE,IF('Roulement V2'!Q12="MC","J1 · 8h-16h · Beaune",""),IF('Roulement V2'!R12="MC","J1 · 8h-16h · Dijon",""),IF('Roulement V2'!Q13="MC","J2 · 14h-22h · Beaune",""),IF('Roulement V2'!R13="MC","J2 · 14h-22h · Dijon",""),IF('Roulement V2'!Q14="MC","journée · 8h-18h30 · Beaune",""),IF('Roulement V2'!R14="MC","journée · 8h-18h30 · Dijon",""),IF('Roulement V2'!Q15="MC","journée · 8h-18h30 · Beaune",""),IF('Roulement V2'!R15="MC","journée · 8h-18h30 · Dijon",""),IF('Roulement V2'!Q16="MC","J5 · 12h-20h · Beaune",""),IF('Roulement V2'!R16="MC","J5 · 12h-20h · Dijon",""),IF('Roulement V2'!Q17="MC","préJ2/J6 · 8h-14h · Beaune",""),IF('Roulement V2'!R17="MC","préJ2/J6 · 8h-14h · Dijon",""),IF('Roulement V2'!Q18="MC","journée · 8h-18h30 · Beaune",""),IF('Roulement V2'!R18="MC","journée · 8h-18h30 · Dijon",""),IF('Roulement V2'!Q19="MC","journée · 8h-18h30 · Beaune",""),IF('Roulement V2'!R19="MC","journée · 8h-18h30 · Dijon",""))} -> J2 · 14h-22h · Beaune
A7: Mercredi | B7: {=_xlfn.TEXTJOIN(" + ",TRUE,IF('Roulement V2'!C20="MC","J1 · 8h-16h · Beaune",""),IF('Roulement V2'!D20="MC","J1 · 8h-16h · Dijon",""),IF('Roulement V2'!C21="MC","J2 · 14h-22h · Beaune",""),IF('Roulement V2'!D21="MC","J2 · 14h-22h · Dijon",""),IF('Roulement V2'!C22="MC","journée · 8h-18h30 · Beaune",""),IF('Roulement V2'!D22="MC","journée · 8h-18h30 · Dijon",""),IF('Roulement V2'!C23="MC","journée · 8h-18h30 · Beaune",""),IF('Roulement V2'!D23="MC","journée · 8h-18h30 · Dijon",""),IF('Roulement V2'!C24="MC","J5 · 12h-20h · Beaune",""),IF('Roulement V2'!D24="MC","J5 · 12h-20h · Dijon",""),IF('Roulement V2'!C25="MC","préJ2/J6 · 8h-14h · Beaune",""),IF('Roulement V2'!D25="MC","préJ2/J6 · 8h-14h · Dijon",""),IF('Roulement V2'!C26="MC","journée · 8h-18h30 · Beaune",""),IF('Roulement V2'!D26="MC","journée · 8h-18h30 · Dijon",""),IF('Roulement V2'!C27="MC","journée · 8h-18h30 · Beaune",""),IF('Roulement V2'!D27="MC","journée · 8h-18h30 · Dijon",""))} -> J1 · 8h-16h · Beaune | C7: {=_xlfn.TEXTJOIN(" + ",TRUE,IF('Roulement V2'!E20="MC","J1 · 8h-16h · Beaune",""),IF('Roulement V2'!F20="MC","J1 · 8h-16h · Dijon",""),IF('Roulement V2'!E21="MC","J2 · 14h-22h · Beaune",""),IF('Roulement V2'!F21="MC","J2 · 14h-22h · Dijon",""),IF('Roulement V2'!E22="MC","journée · 8h-18h30 · Beaune",""),IF('Roulement V2'!F22="MC","journée · 8h-18h30 · Dijon",""),IF('Roulement V2'!E23="MC","journée · 8h-18h30 · Beaune",""),IF('Roulement V2'!F23="MC","journée · 8h-18h30 · Dijon",""),IF('Roulement V2'!E24="MC","J5 · 12h-20h · Beaune",""),IF('Roulement V2'!F24="MC","J5 · 12h-20h · Dijon",""),IF('Roulement V2'!E25="MC","préJ2/J6 · 8h-14h · Beaune",""),IF('Roulement V2'!F25="MC","préJ2/J6 · 8h-14h · Dijon",""),IF('Roulement V2'!E26="MC","journée · 8h-18h30 · Beaune",""),IF('Roulement V2'!F26="MC","journée · 8h-18h30 · Dijon",""),IF('Roulement V2'!E27="MC","journée · 8h-18h30 · Beaune",""),IF('Roulement V2'!F27="MC","journée · 8h-18h30 · Dijon",""))} | D7: {=_xlfn.TEXTJOIN(" + ",TRUE,IF('Roulement V2'!G20="MC","J1 · 8h-16h · Beaune",""),IF('Roulement V2'!H20="MC","J1 · 8h-16h · Dijon",""),IF('Roulement V2'!G21="MC","J2 · 14h-22h · Beaune",""),IF('Roulement V2'!H21="MC","J2 · 14h-22h · Dijon",""),IF('Roulement V2'!G22="MC","journée · 8h-18h30 · Beaune",""),IF('Roulement V2'!H22="MC","journée · 8h-18h30 · Dijon",""),IF('Roulement V2'!G23="MC","journée · 8h-18h30 · Beaune",""),IF('Roulement V2'!H23="MC","journée · 8h-18h30 · Dijon",""),IF('Roulement V2'!G24="MC","J5 · 12h-20h · Beaune",""),IF('Roulement V2'!H24="MC","J5 · 12h-20h · Dijon",""),IF('Roulement V2'!G25="MC","préJ2/J6 · 8h-14h · Beaune",""),IF('Roulement V2'!H25="MC","préJ2/J6 · 8h-14h · Dijon",""),IF('Roulement V2'!G26="MC","journée · 8h-18h30 · Beaune",""),IF('Roulement V2'!H26="MC","journée · 8h-18h30 · Dijon",""),IF('Roulement V2'!G27="MC","journée · 8h-18h30 · Beaune",""),IF('Roulement V2'!H27="MC","journée · 8h-18h30 · Dijon",""))} | E7: {=_xlfn.TEXTJOIN(" + ",TRUE,IF('Roulement V2'!I20="MC","J1 · 8h-16h · Beaune",""),IF('Roulement V2'!J20="MC","J1 · 8h-16h · Dijon",""),IF('Roulement V2'!I21="MC","J2 · 14h-22h · Beaune",""),IF('Roulement V2'!J21="MC","J2 · 14h-22h · Dijon",""),IF('Roulement V2'!I22="MC","journée · 8h-18h30 · Beaune",""),IF('Roulement V2'!J22="MC","journée · 8h-18h30 · Dijon",""),IF('Roulement V2'!I23="MC","journée · 8h-18h30 · Beaune",""),IF('Roulement V2'!J23="MC","journée · 8h-18h30 · Dijon",""),IF('Roulement V2'!I24="MC","J5 · 12h-20h · Beaune",""),IF('Roulement V2'!J24="MC","J5 · 12h-20h · Dijon",""),IF('Roulement V2'!I25="MC","préJ2/J6 · 8h-14h · Beaune",""),IF('Roulement V2'!J25="MC","préJ2/J6 · 8h-14h · Dijon",""),IF('Roulement V2'!I26="MC","journée · 8h-18h30 · Beaune",""),IF('Roulement V2'!J26="MC","journée · 8h-18h30 · Dijon",""),IF('Roulement V2'!I27="MC","journée · 8h-18h30 · Beaune",""),IF('Roulement V2'!J27="MC","journée · 8h-18h30 · Dijon",""))} -> J1 · 8h-16h · Beaune | F7: {=_xlfn.TEXTJOIN(" + ",TRUE,IF('Roulement V2'!K20="MC","J1 · 8h-16h · Beaune",""),IF('Roulement V2'!L20="MC","J1 · 8h-16h · Dijon",""),IF('Roulement V2'!K21="MC","J2 · 14h-22h · Beaune",""),IF('Roulement V2'!L21="MC","J2 · 14h-22h · Dijon",""),IF('Roulement V2'!K22="MC","journée · 8h-18h30 · Beaune",""),IF('Roulement V2'!L22="MC","journée · 8h-18h30 · Dijon",""),IF('Roulement V2'!K23="MC","journée · 8h-18h30 · Beaune",""),IF('Roulement V2'!L23="MC","journée · 8h-18h30 · Dijon",""),IF('Roulement V2'!K24="MC","J5 · 12h-20h · Beaune",""),IF('Roulement V2'!L24="MC","J5 · 12h-20h · Dijon",""),IF('Roulement V2'!K25="MC","préJ2/J6 · 8h-14h · Beaune",""),IF('Roulement V2'!L25="MC","préJ2/J6 · 8h-14h · Dijon",""),IF('Roulement V2'!K26="MC","journée · 8h-18h30 · Beaune",""),IF('Roulement V2'!L26="MC","journée · 8h-18h30 · Dijon",""),IF('Roulement V2'!K27="MC","journée · 8h-18h30 · Beaune",""),IF('Roulement V2'!L27="MC","journée · 8h-18h30 · Dijon",""))} -> J1 · 8h-16h · Beaune | G7: {=_xlfn.TEXTJOIN(" + ",TRUE,IF('Roulement V2'!M20="MC","J1 · 8h-16h · Beaune",""),IF('Roulement V2'!N20="MC","J1 · 8h-16h · Dijon",""),IF('Roulement V2'!M21="MC","J2 · 14h-22h · Beaune",""),IF('Roulement V2'!N21="MC","J2 · 14h-22h · Dijon",""),IF('Roulement V2'!M22="MC","journée · 8h-18h30 · Beaune",""),IF('Roulement V2'!N22="MC","journée · 8h-18h30 · Dijon",""),IF('Roulement V2'!M23="MC","journée · 8h-18h30 · Beaune",""),IF('Roulement V2'!N23="MC","journée · 8h-18h30 · Dijon",""),IF('Roulement V2'!M24="MC","J5 · 12h-20h · Beaune",""),IF('Roulement V2'!N24="MC","J5 · 12h-20h · Dijon",""),IF('Roulement V2'!M25="MC","préJ2/J6 · 8h-14h · Beaune",""),IF('Roulement V2'!N25="MC","préJ2/J6 · 8h-14h · Dijon",""),IF('Roulement V2'!M26="MC","journée · 8h-18h30 · Beaune",""),IF('Roulement V2'!N26="MC","journée · 8h-18h30 · Dijon",""),IF('Roulement V2'!M27="MC","journée · 8h-18h30 · Beaune",""),IF('Roulement V2'!N27="MC","journée · 8h-18h30 · Dijon",""))} | H7: {=_xlfn.TEXTJOIN(" + ",TRUE,IF('Roulement V2'!O20="MC","J1 · 8h-16h · Beaune",""),IF('Roulement V2'!P20="MC","J1 · 8h-16h · Dijon",""),IF('Roulement V2'!O21="MC","J2 · 14h-22h · Beaune",""),IF('Roulement V2'!P21="MC","J2 · 14h-22h · Dijon",""),IF('Roulement V2'!O22="MC","journée · 8h-18h30 · Beaune",""),IF('Roulement V2'!P22="MC","journée · 8h-18h30 · Dijon",""),IF('Roulement V2'!O23="MC","journée · 8h-18h30 · Beaune",""),IF('Roulement V2'!P23="MC","journée · 8h-18h30 · Dijon",""),IF('Roulement V2'!O24="MC","J5 · 12h-20h · Beaune",""),IF('Roulement V2'!P24="MC","J5 · 12h-20h · Dijon",""),IF('Roulement V2'!O25="MC","préJ2/J6 · 8h-14h · Beaune",""),IF('Roulement V2'!P25="MC","préJ2/J6 · 8h-14h · Dijon",""),IF('Roulement V2'!O26="MC","journée · 8h-18h30 · Beaune",""),IF('Roulement V2'!P26="MC","journée · 8h-18h30 · Dijon",""),IF('Roulement V2'!O27="MC","journée · 8h-18h30 · Beaune",""),IF('Roulement V2'!P27="MC","journée · 8h-18h30 · Dijon",""))} | I7: {=_xlfn.TEXTJOIN(" + ",TRUE,IF('Roulement V2'!Q20="MC","J1 · 8h-16h · Beaune",""),IF('Roulement V2'!R20="MC","J1 · 8h-16h · Dijon",""),IF('Roulement V2'!Q21="MC","J2 · 14h-22h · Beaune",""),IF('Roulement V2'!R21="MC","J2 · 14h-22h · Dijon",""),IF('Roulement V2'!Q22="MC","journée · 8h-18h30 · Beaune",""),IF('Roulement V2'!R22="MC","journée · 8h-18h30 · Dijon",""),IF('Roulement V2'!Q23="MC","journée · 8h-18h30 · Beaune",""),IF('Roulement V2'!R23="MC","journée · 8h-18h30 · Dijon",""),IF('Roulement V2'!Q24="MC","J5 · 12h-20h · Beaune",""),IF('Roulement V2'!R24="MC","J5 · 12h-20h · Dijon",""),IF('Roulement V2'!Q25="MC","préJ2/J6 · 8h-14h · Beaune",""),IF('Roulement V2'!R25="MC","préJ2/J6 · 8h-14h · Dijon",""),IF('Roulement V2'!Q26="MC","journée · 8h-18h30 · Beaune",""),IF('Roulement V2'!R26="MC","journée · 8h-18h30 · Dijon",""),IF('Roulement V2'!Q27="MC","journée · 8h-18h30 · Beaune",""),IF('Roulement V2'!R27="MC","journée · 8h-18h30 · Dijon",""))} -> J1 · 8h-16h · Beaune
A8: Jeudi | B8: {=_xlfn.TEXTJOIN(" + ",TRUE,IF('Roulement V2'!C28="MC","J1 · 8h-16h · Beaune",""),IF('Roulement V2'!D28="MC","J1 · 8h-16h · Dijon",""),IF('Roulement V2'!C29="MC","J2 · 14h-22h · Beaune",""),IF('Roulement V2'!D29="MC","J2 · 14h-22h · Dijon",""),IF('Roulement V2'!C30="MC","journée · 8h-18h30 · Beaune",""),IF('Roulement V2'!D30="MC","journée · 8h-18h30 · Dijon",""),IF('Roulement V2'!C31="MC","journée · 8h-18h30 · Beaune",""),IF('Roulement V2'!D31="MC","journée · 8h-18h30 · Dijon",""),IF('Roulement V2'!C32="MC","J5 · 12h-20h · Beaune",""),IF('Roulement V2'!D32="MC","J5 · 12h-20h · Dijon",""),IF('Roulement V2'!C33="MC","préJ2/J6 · 8h-14h · Beaune",""),IF('Roulement V2'!D33="MC","préJ2/J6 · 8h-14h · Dijon",""),IF('Roulement V2'!C34="MC","journée · 8h-18h30 · Beaune",""),IF('Roulement V2'!D34="MC","journée · 8h-18h30 · Dijon",""),IF('Roulement V2'!C35="MC","journée · 8h-18h30 · Beaune",""),IF('Roulement V2'!D35="MC","journée · 8h-18h30 · Dijon",""))} | C8: {=_xlfn.TEXTJOIN(" + ",TRUE,IF('Roulement V2'!E28="MC","J1 · 8h-16h · Beaune",""),IF('Roulement V2'!F28="MC","J1 · 8h-16h · Dijon",""),IF('Roulement V2'!E29="MC","J2 · 14h-22h · Beaune",""),IF('Roulement V2'!F29="MC","J2 · 14h-22h · Dijon",""),IF('Roulement V2'!E30="MC","journée · 8h-18h30 · Beaune",""),IF('Roulement V2'!F30="MC","journée · 8h-18h30 · Dijon",""),IF('Roulement V2'!E31="MC","journée · 8h-18h30 · Beaune",""),IF('Roulement V2'!F31="MC","journée · 8h-18h30 · Dijon",""),IF('Roulement V2'!E32="MC","J5 · 12h-20h · Beaune",""),IF('Roulement V2'!F32="MC","J5 · 12h-20h · Dijon",""),IF('Roulement V2'!E33="MC","préJ2/J6 · 8h-14h · Beaune",""),IF('Roulement V2'!F33="MC","préJ2/J6 · 8h-14h · Dijon",""),IF('Roulement V2'!E34="MC","journée · 8h-18h30 · Beaune",""),IF('Roulement V2'!F34="MC","journée · 8h-18h30 · Dijon",""),IF('Roulement V2'!E35="MC","journée · 8h-18h30 · Beaune",""),IF('Roulement V2'!F35="MC","journée · 8h-18h30 · Dijon",""))} | D8: {=_xlfn.TEXTJOIN(" + ",TRUE,IF('Roulement V2'!G28="MC","J1 · 8h-16h · Beaune",""),IF('Roulement V2'!H28="MC","J1 · 8h-16h · Dijon",""),IF('Roulement V2'!G29="MC","J2 · 14h-22h · Beaune",""),IF('Roulement V2'!H29="MC","J2 · 14h-22h · Dijon",""),IF('Roulement V2'!G30="MC","journée · 8h-18h30 · Beaune",""),IF('Roulement V2'!H30="MC","journée · 8h-18h30 · Dijon",""),IF('Roulement V2'!G31="MC","journée · 8h-18h30 · Beaune",""),IF('Roulement V2'!H31="MC","journée · 8h-18h30 · Dijon",""),IF('Roulement V2'!G32="MC","J5 · 12h-20h · Beaune",""),IF('Roulement V2'!H32="MC","J5 · 12h-20h · Dijon",""),IF('Roulement V2'!G33="MC","préJ2/J6 · 8h-14h · Beaune",""),IF('Roulement V2'!H33="MC","préJ2/J6 · 8h-14h · Dijon",""),IF('Roulement V2'!G34="MC","journée · 8h-18h30 · Beaune",""),IF('Roulement V2'!H34="MC","journée · 8h-18h30 · Dijon",""),IF('Roulement V2'!G35="MC","journée · 8h-18h30 · Beaune",""),IF('Roulement V2'!H35="MC","journée · 8h-18h30 · Dijon",""))} | E8: {=_xlfn.TEXTJOIN(" + ",TRUE,IF('Roulement V2'!I28="MC","J1 · 8h-16h · Beaune",""),IF('Roulement V2'!J28="MC","J1 · 8h-16h · Dijon",""),IF('Roulement V2'!I29="MC","J2 · 14h-22h · Beaune",""),IF('Roulement V2'!J29="MC","J2 · 14h-22h · Dijon",""),IF('Roulement V2'!I30="MC","journée · 8h-18h30 · Beaune",""),IF('Roulement V2'!J30="MC","journée · 8h-18h30 · Dijon",""),IF('Roulement V2'!I31="MC","journée · 8h-18h30 · Beaune",""),IF('Roulement V2'!J31="MC","journée · 8h-18h30 · Dijon",""),IF('Roulement V2'!I32="MC","J5 · 12h-20h · Beaune",""),IF('Roulement V2'!J32="MC","J5 · 12h-20h · Dijon",""),IF('Roulement V2'!I33="MC","préJ2/J6 · 8h-14h · Beaune",""),IF('Roulement V2'!J33="MC","préJ2/J6 · 8h-14h · Dijon",""),IF('Roulement V2'!I34="MC","journée · 8h-18h30 · Beaune",""),IF('Roulement V2'!J34="MC","journée · 8h-18h30 · Dijon",""),IF('Roulement V2'!I35="MC","journée · 8h-18h30 · Beaune",""),IF('Roulement V2'!J35="MC","journée · 8h-18h30 · Dijon",""))} | F8: {=_xlfn.TEXTJOIN(" + ",TRUE,IF('Roulement V2'!K28="MC","J1 · 8h-16h · Beaune",""),IF('Roulement V2'!L28="MC","J1 · 8h-16h · Dijon",""),IF('Roulement V2'!K29="MC","J2 · 14h-22h · Beaune",""),IF('Roulement V2'!L29="MC","J2 · 14h-22h · Dijon",""),IF('Roulement V2'!K30="MC","journée · 8h-18h30 · Beaune",""),IF('Roulement V2'!L30="MC","journée · 8h-18h30 · Dijon",""),IF('Roulement V2'!K31="MC","journée · 8h-18h30 · Beaune",""),IF('Roulement V2'!L31="MC","journée · 8h-18h30 · Dijon",""),IF('Roulement V2'!K32="MC","J5 · 12h-20h · Beaune",""),IF('Roulement V2'!L32="MC","J5 · 12h-20h · Dijon",""),IF('Roulement V2'!K33="MC","préJ2/J6 · 8h-14h · Beaune",""),IF('Roulement V2'!L33="MC","préJ2/J6 · 8h-14h · Dijon",""),IF('Roulement V2'!K34="MC","journée · 8h-18h30 · Beaune",""),IF('Roulement V2'!L34="MC","journée · 8h-18h30 · Dijon",""),IF('Roulement V2'!K35="MC","journée · 8h-18h30 · Beaune",""),IF('Roulement V2'!L35="MC","journée · 8h-18h30 · Dijon",""))} | G8: {=_xlfn.TEXTJOIN(" + ",TRUE,IF('Roulement V2'!M28="MC","J1 · 8h-16h · Beaune",""),IF('Roulement V2'!N28="MC","J1 · 8h-16h · Dijon",""),IF('Roulement V2'!M29="MC","J2 · 14h-22h · Beaune",""),IF('Roulement V2'!N29="MC","J2 · 14h-22h · Dijon",""),IF('Roulement V2'!M30="MC","journée · 8h-18h30 · Beaune",""),IF('Roulement V2'!N30="MC","journée · 8h-18h30 · Dijon",""),IF('Roulement V2'!M31="MC","journée · 8h-18h30 · Beaune",""),IF('Roulement V2'!N31="MC","journée · 8h-18h30 · Dijon",""),IF('Roulement V2'!M32="MC","J5 · 12h-20h · Beaune",""),IF('Roulement V2'!N32="MC","J5 · 12h-20h · Dijon",""),IF('Roulement V2'!M33="MC","préJ2/J6 · 8h-14h · Beaune",""),IF('Roulement V2'!N33="MC","préJ2/J6 · 8h-14h · Dijon",""),IF('Roulement V2'!M34="MC","journée · 8h-18h30 · Beaune",""),IF('Roulement V2'!N34="MC","journée · 8h-18h30 · Dijon",""),IF('Roulement V2'!M35="MC","journée · 8h-18h30 · Beaune",""),IF('Roulement V2'!N35="MC","journée · 8h-18h30 · Dijon",""))} | H8: {=_xlfn.TEXTJOIN(" + ",TRUE,IF('Roulement V2'!O28="MC","J1 · 8h-16h · Beaune",""),IF('Roulement V2'!P28="MC","J1 · 8h-16h · Dijon",""),IF('Roulement V2'!O29="MC","J2 · 14h-22h · Beaune",""),IF('Roulement V2'!P29="MC","J2 · 14h-22h · Dijon",""),IF('Roulement V2'!O30="MC","journée · 8h-18h30 · Beaune",""),IF('Roulement V2'!P30="MC","journée · 8h-18h30 · Dijon",""),IF('Roulement V2'!O31="MC","journée · 8h-18h30 · Beaune",""),IF('Roulement V2'!P31="MC","journée · 8h-18h30 · Dijon",""),IF('Roulement V2'!O32="MC","J5 · 12h-20h · Beaune",""),IF('Roulement V2'!P32="MC","J5 · 12h-20h · Dijon",""),IF('Roulement V2'!O33="MC","préJ2/J6 · 8h-14h · Beaune",""),IF('Roulement V2'!P33="MC","préJ2/J6 · 8h-14h · Dijon",""),IF('Roulement V2'!O34="MC","journée · 8h-18h30 · Beaune",""),IF('Roulement V2'!P34="MC","journée · 8h-18h30 · Dijon",""),IF('Roulement V2'!O35="MC","journée · 8h-18h30 · Beaune",""),IF('Roulement V2'!P35="MC","journée · 8h-18h30 · Dijon",""))} | I8: {=_xlfn.TEXTJOIN(" + ",TRUE,IF('Roulement V2'!Q28="MC","J1 · 8h-16h · Beaune",""),IF('Roulement V2'!R28="MC","J1 · 8h-16h · Dijon",""),IF('Roulement V2'!Q29="MC","J2 · 14h-22h · Beaune",""),IF('Roulement V2'!R29="MC","J2 · 14h-22h · Dijon",""),IF('Roulement V2'!Q30="MC","journée · 8h-18h30 · Beaune",""),IF('Roulement V2'!R30="MC","journée · 8h-18h30 · Dijon",""),IF('Roulement V2'!Q31="MC","journée · 8h-18h30 · Beaune",""),IF('Roulement V2'!R31="MC","journée · 8h-18h30 · Dijon",""),IF('Roulement V2'!Q32="MC","J5 · 12h-20h · Beaune",""),IF('Roulement V2'!R32="MC","J5 · 12h-20h · Dijon",""),IF('Roulement V2'!Q33="MC","préJ2/J6 · 8h-14h · Beaune",""),IF('Roulement V2'!R33="MC","préJ2/J6 · 8h-14h · Dijon",""),IF('Roulement V2'!Q34="MC","journée · 8h-18h30 · Beaune",""),IF('Roulement V2'!R34="MC","journée · 8h-18h30 · Dijon",""),IF('Roulement V2'!Q35="MC","journée · 8h-18h30 · Beaune",""),IF('Roulement V2'!R35="MC","journée · 8h-18h30 · Dijon",""))}
A9: vendredi | B9: {=_xlfn.TEXTJOIN(" + ",TRUE,IF('Roulement V2'!C36="MC","J1 · 8h-16h · Beaune",""),IF('Roulement V2'!D36="MC","J1 · 8h-16h · Dijon",""),IF('Roulement V2'!C37="MC","J2 · 14h-22h · Beaune",""),IF('Roulement V2'!D37="MC","J2 · 14h-22h · Dijon",""),IF('Roulement V2'!C38="MC","journée · 8h-18h30 · Beaune",""),IF('Roulement V2'!D38="MC","journée · 8h-18h30 · Dijon",""),IF('Roulement V2'!C39="MC","journée · 8h-18h30 · Beaune",""),IF('Roulement V2'!D39="MC","journée · 8h-18h30 · Dijon",""),IF('Roulement V2'!C40="MC","J5 · 12h-20h · Beaune",""),IF('Roulement V2'!D40="MC","J5 · 12h-20h · Dijon",""),IF('Roulement V2'!C41="MC","préJ2/J6 · 8h-14h · Beaune",""),IF('Roulement V2'!D41="MC","préJ2/J6 · 8h-14h · Dijon",""),IF('Roulement V2'!C42="MC","journée · 8h-18h30 · Beaune",""),IF('Roulement V2'!D42="MC","journée · 8h-18h30 · Dijon",""),IF('Roulement V2'!C43="MC","journée · 8h-18h30 · Beaune",""),IF('Roulement V2'!D43="MC","journée · 8h-18h30 · Dijon",""))} -> journée · 8h-18h30 · Beaune | C9: {=_xlfn.TEXTJOIN(" + ",TRUE,IF('Roulement V2'!E36="MC","J1 · 8h-16h · Beaune",""),IF('Roulement V2'!F36="MC","J1 · 8h-16h · Dijon",""),IF('Roulement V2'!E37="MC","J2 · 14h-22h · Beaune",""),IF('Roulement V2'!F37="MC","J2 · 14h-22h · Dijon",""),IF('Roulement V2'!E38="MC","journée · 8h-18h30 · Beaune",""),IF('Roulement V2'!F38="MC","journée · 8h-18h30 · Dijon",""),IF('Roulement V2'!E39="MC","journée · 8h-18h30 · Beaune",""),IF('Roulement V2'!F39="MC","journée · 8h-18h30 · Dijon",""),IF('Roulement V2'!E40="MC","J5 · 12h-20h · Beaune",""),IF('Roulement V2'!F40="MC","J5 · 12h-20h · Dijon",""),IF('Roulement V2'!E41="MC","préJ2/J6 · 8h-14h · Beaune",""),IF('Roulement V2'!F41="MC","préJ2/J6 · 8h-14h · Dijon",""),IF('Roulement V2'!E42="MC","journée · 8h-18h30 · Beaune",""),IF('Roulement V2'!F42="MC","journée · 8h-18h30 · Dijon",""),IF('Roulement V2'!E43="MC","journée · 8h-18h30 · Beaune",""),IF('Roulement V2'!F43="MC","journée · 8h-18h30 · Dijon",""))} -> J2 · 14h-22h · Dijon | D9: {=_xlfn.TEXTJOIN(" + ",TRUE,IF('Roulement V2'!G36="MC","J1 · 8h-16h · Beaune",""),IF('Roulement V2'!H36="MC","J1 · 8h-16h · Dijon",""),IF('Roulement V2'!G37="MC","J2 · 14h-22h · Beaune",""),IF('Roulement V2'!H37="MC","J2 · 14h-22h · Dijon",""),IF('Roulement V2'!G38="MC","journée · 8h-18h30 · Beaune",""),IF('Roulement V2'!H38="MC","journée · 8h-18h30 · Dijon",""),IF('Roulement V2'!G39="MC","journée · 8h-18h30 · Beaune",""),IF('Roulement V2'!H39="MC","journée · 8h-18h30 · Dijon",""),IF('Roulement V2'!G40="MC","J5 · 12h-20h · Beaune",""),IF('Roulement V2'!H40="MC","J5 · 12h-20h · Dijon",""),IF('Roulement V2'!G41="MC","préJ2/J6 · 8h-14h · Beaune",""),IF('Roulement V2'!H41="MC","préJ2/J6 · 8h-14h · Dijon",""),IF('Roulement V2'!G42="MC","journée · 8h-18h30 · Beaune",""),IF('Roulement V2'!H42="MC","journée · 8h-18h30 · Dijon",""),IF('Roulement V2'!G43="MC","journée · 8h-18h30 · Beaune",""),IF('Roulement V2'!H43="MC","journée · 8h-18h30 · Dijon",""))} -> J2 · 14h-22h · Dijon | E9: {=_xlfn.TEXTJOIN(" + ",TRUE,IF('Roulement V2'!I36="MC","J1 · 8h-16h · Beaune",""),IF('Roulement V2'!J36="MC","J1 · 8h-16h · Dijon",""),IF('Roulement V2'!I37="MC","J2 · 14h-22h · Beaune",""),IF('Roulement V2'!J37="MC","J2 · 14h-22h · Dijon",""),IF('Roulement V2'!I38="MC","journée · 8h-18h30 · Beaune",""),IF('Roulement V2'!J38="MC","journée · 8h-18h30 · Dijon",""),IF('Roulement V2'!I39="MC","journée · 8h-18h30 · Beaune",""),IF('Roulement V2'!J39="MC","journée · 8h-18h30 · Dijon",""),IF('Roulement V2'!I40="MC","J5 · 12h-20h · Beaune",""),IF('Roulement V2'!J40="MC","J5 · 12h-20h · Dijon",""),IF('Roulement V2'!I41="MC","préJ2/J6 · 8h-14h · Beaune",""),IF('Roulement V2'!J41="MC","préJ2/J6 · 8h-14h · Dijon",""),IF('Roulement V2'!I42="MC","journée · 8h-18h30 · Beaune",""),IF('Roulement V2'!J42="MC","journée · 8h-18h30 · Dijon",""),IF('Roulement V2'!I43="MC","journée · 8h-18h30 · Beaune",""),IF('Roulement V2'!J43="MC","journée · 8h-18h30 · Dijon",""))} -> journée · 8h-18h30 · Beaune | F9: {=_xlfn.TEXTJOIN(" + ",TRUE,IF('Roulement V2'!K36="MC","J1 · 8h-16h · Beaune",""),IF('Roulement V2'!L36="MC","J1 · 8h-16h · Dijon",""),IF('Roulement V2'!K37="MC","J2 · 14h-22h · Beaune",""),IF('Roulement V2'!L37="MC","J2 · 14h-22h · Dijon",""),IF('Roulement V2'!K38="MC","journée · 8h-18h30 · Beaune",""),IF('Roulement V2'!L38="MC","journée · 8h-18h30 · Dijon",""),IF('Roulement V2'!K39="MC","journée · 8h-18h30 · Beaune",""),IF('Roulement V2'!L39="MC","journée · 8h-18h30 · Dijon",""),IF('Roulement V2'!K40="MC","J5 · 12h-20h · Beaune",""),IF('Roulement V2'!L40="MC","J5 · 12h-20h · Dijon",""),IF('Roulement V2'!K41="MC","préJ2/J6 · 8h-14h · Beaune",""),IF('Roulement V2'!L41="MC","préJ2/J6 · 8h-14h · Dijon",""),IF('Roulement V2'!K42="MC","journée · 8h-18h30 · Beaune",""),IF('Roulement V2'!L42="MC","journée · 8h-18h30 · Dijon",""),IF('Roulement V2'!K43="MC","journée · 8h-18h30 · Beaune",""),IF('Roulement V2'!L43="MC","journée · 8h-18h30 · Dijon",""))} -> journée · 8h-18h30 · Dijon | G9: {=_xlfn.TEXTJOIN(" + ",TRUE,IF('Roulement V2'!M36="MC","J1 · 8h-16h · Beaune",""),IF('Roulement V2'!N36="MC","J1 · 8h-16h · Dijon",""),IF('Roulement V2'!M37="MC","J2 · 14h-22h · Beaune",""),IF('Roulement V2'!N37="MC","J2 · 14h-22h · Dijon",""),IF('Roulement V2'!M38="MC","journée · 8h-18h30 · Beaune",""),IF('Roulement V2'!N38="MC","journée · 8h-18h30 · Dijon",""),IF('Roulement V2'!M39="MC","journée · 8h-18h30 · Beaune",""),IF('Roulement V2'!N39="MC","journée · 8h-18h30 · Dijon",""),IF('Roulement V2'!M40="MC","J5 · 12h-20h · Beaune",""),IF('Roulement V2'!N40="MC","J5 · 12h-20h · Dijon",""),IF('Roulement V2'!M41="MC","préJ2/J6 · 8h-14h · Beaune",""),IF('Roulement V2'!N41="MC","préJ2/J6 · 8h-14h · Dijon",""),IF('Roulement V2'!M42="MC","journée · 8h-18h30 · Beaune",""),IF('Roulement V2'!N42="MC","journée · 8h-18h30 · Dijon",""),IF('Roulement V2'!M43="MC","journée · 8h-18h30 · Beaune",""),IF('Roulement V2'!N43="MC","journée · 8h-18h30 · Dijon",""))} -> J2 · 14h-22h · Beaune | H9: {=_xlfn.TEXTJOIN(" + ",TRUE,IF('Roulement V2'!O36="MC","J1 · 8h-16h · Beaune",""),IF('Roulement V2'!P36="MC","J1 · 8h-16h · Dijon",""),IF('Roulement V2'!O37="MC","J2 · 14h-22h · Beaune",""),IF('Roulement V2'!P37="MC","J2 · 14h-22h · Dijon",""),IF('Roulement V2'!O38="MC","journée · 8h-18h30 · Beaune",""),IF('Roulement V2'!P38="MC","journée · 8h-18h30 · Dijon",""),IF('Roulement V2'!O39="MC","journée · 8h-18h30 · Beaune",""),IF('Roulement V2'!P39="MC","journée · 8h-18h30 · Dijon",""),IF('Roulement V2'!O40="MC","J5 · 12h-20h · Beaune",""),IF('Roulement V2'!P40="MC","J5 · 12h-20h · Dijon",""),IF('Roulement V2'!O41="MC","préJ2/J6 · 8h-14h · Beaune",""),IF('Roulement V2'!P41="MC","préJ2/J6 · 8h-14h · Dijon",""),IF('Roulement V2'!O42="MC","journée · 8h-18h30 · Beaune",""),IF('Roulement V2'!P42="MC","journée · 8h-18h30 · Dijon",""),IF('Roulement V2'!O43="MC","journée · 8h-18h30 · Beaune",""),IF('Roulement V2'!P43="MC","journée · 8h-18h30 · Dijon",""))} -> journée · 8h-18h30 · Beaune | I9: {=_xlfn.TEXTJOIN(" + ",TRUE,IF('Roulement V2'!Q36="MC","J1 · 8h-16h · Beaune",""),IF('Roulement V2'!R36="MC","J1 · 8h-16h · Dijon",""),IF('Roulement V2'!Q37="MC","J2 · 14h-22h · Beaune",""),IF('Roulement V2'!R37="MC","J2 · 14h-22h · Dijon",""),IF('Roulement V2'!Q38="MC","journée · 8h-18h30 · Beaune",""),IF('Roulement V2'!R38="MC","journée · 8h-18h30 · Dijon",""),IF('Roulement V2'!Q39="MC","journée · 8h-18h30 · Beaune",""),IF('Roulement V2'!R39="MC","journée · 8h-18h30 · Dijon",""),IF('Roulement V2'!Q40="MC","J5 · 12h-20h · Beaune",""),IF('Roulement V2'!R40="MC","J5 · 12h-20h · Dijon",""),IF('Roulement V2'!Q41="MC","préJ2/J6 · 8h-14h · Beaune",""),IF('Roulement V2'!R41="MC","préJ2/J6 · 8h-14h · Dijon",""),IF('Roulement V2'!Q42="MC","journée · 8h-18h30 · Beaune",""),IF('Roulement V2'!R42="MC","journée · 8h-18h30 · Dijon",""),IF('Roulement V2'!Q43="MC","journée · 8h-18h30 · Beaune",""),IF('Roulement V2'!R43="MC","journée · 8h-18h30 · Dijon",""))} -> journée · 8h-18h30 · Dijon
A10: Samedi | B10: {=_xlfn.TEXTJOIN(" + ",TRUE,IF('Roulement V2'!C44="MC","Garde · Beaune",""),IF('Roulement V2'!D44="MC","Garde · Dijon",""),IF('Roulement V2'!C45="MC","Doublon · Beaune",""),IF('Roulement V2'!D45="MC","Doublon · Dijon",""))} | C10: {=_xlfn.TEXTJOIN(" + ",TRUE,IF('Roulement V2'!E44="MC","Garde · Beaune",""),IF('Roulement V2'!F44="MC","Garde · Dijon",""),IF('Roulement V2'!E45="MC","Doublon · Beaune",""),IF('Roulement V2'!F45="MC","Doublon · Dijon",""))} -> Garde · Dijon | D10: {=_xlfn.TEXTJOIN(" + ",TRUE,IF('Roulement V2'!G44="MC","Garde · Beaune",""),IF('Roulement V2'!H44="MC","Garde · Dijon",""),IF('Roulement V2'!G45="MC","Doublon · Beaune",""),IF('Roulement V2'!H45="MC","Doublon · Dijon",""))} | E10: {=_xlfn.TEXTJOIN(" + ",TRUE,IF('Roulement V2'!I44="MC","Garde · Beaune",""),IF('Roulement V2'!J44="MC","Garde · Dijon",""),IF('Roulement V2'!I45="MC","Doublon · Beaune",""),IF('Roulement V2'!J45="MC","Doublon · Dijon",""))} | F10: {=_xlfn.TEXTJOIN(" + ",TRUE,IF('Roulement V2'!K44="MC","Garde · Beaune",""),IF('Roulement V2'!L44="MC","Garde · Dijon",""),IF('Roulement V2'!K45="MC","Doublon · Beaune",""),IF('Roulement V2'!L45="MC","Doublon · Dijon",""))} | G10: {=_xlfn.TEXTJOIN(" + ",TRUE,IF('Roulement V2'!M44="MC","Garde · Beaune",""),IF('Roulement V2'!N44="MC","Garde · Dijon",""),IF('Roulement V2'!M45="MC","Doublon · Beaune",""),IF('Roulement V2'!N45="MC","Doublon · Dijon",""))} -> Garde · Beaune | H10: {=_xlfn.TEXTJOIN(" + ",TRUE,IF('Roulement V2'!O44="MC","Garde · Beaune",""),IF('Roulement V2'!P44="MC","Garde · Dijon",""),IF('Roulement V2'!O45="MC","Doublon · Beaune",""),IF('Roulement V2'!P45="MC","Doublon · Dijon",""))} | I10: {=_xlfn.TEXTJOIN(" + ",TRUE,IF('Roulement V2'!Q44="MC","Garde · Beaune",""),IF('Roulement V2'!R44="MC","Garde · Dijon",""),IF('Roulement V2'!Q45="MC","Doublon · Beaune",""),IF('Roulement V2'!R45="MC","Doublon · Dijon",""))}
A11: Dimanche | B11: {=_xlfn.TEXTJOIN(" + ",TRUE,IF('Roulement V2'!C46="MC","Garde · Beaune",""),IF('Roulement V2'!D46="MC","Garde · Dijon",""),IF('Roulement V2'!C47="MC","Doublon · Beaune",""),IF('Roulement V2'!D47="MC","Doublon · Dijon",""))} | C11: {=_xlfn.TEXTJOIN(" + ",TRUE,IF('Roulement V2'!E46="MC","Garde · Beaune",""),IF('Roulement V2'!F46="MC","Garde · Dijon",""),IF('Roulement V2'!E47="MC","Doublon · Beaune",""),IF('Roulement V2'!F47="MC","Doublon · Dijon",""))} -> Garde · Dijon | D11: {=_xlfn.TEXTJOIN(" + ",TRUE,IF('Roulement V2'!G46="MC","Garde · Beaune",""),IF('Roulement V2'!H46="MC","Garde · Dijon",""),IF('Roulement V2'!G47="MC","Doublon · Beaune",""),IF('Roulement V2'!H47="MC","Doublon · Dijon",""))} | E11: {=_xlfn.TEXTJOIN(" + ",TRUE,IF('Roulement V2'!I46="MC","Garde · Beaune",""),IF('Roulement V2'!J46="MC","Garde · Dijon",""),IF('Roulement V2'!I47="MC","Doublon · Beaune",""),IF('Roulement V2'!J47="MC","Doublon · Dijon",""))} | F11: {=_xlfn.TEXTJOIN(" + ",TRUE,IF('Roulement V2'!K46="MC","Garde · Beaune",""),IF('Roulement V2'!L46="MC","Garde · Dijon",""),IF('Roulement V2'!K47="MC","Doublon · Beaune",""),IF('Roulement V2'!L47="MC","Doublon · Dijon",""))} | G11: {=_xlfn.TEXTJOIN(" + ",TRUE,IF('Roulement V2'!M46="MC","Garde · Beaune",""),IF('Roulement V2'!N46="MC","Garde · Dijon",""),IF('Roulement V2'!M47="MC","Doublon · Beaune",""),IF('Roulement V2'!N47="MC","Doublon · Dijon",""))} -> Garde · Beaune | H11: {=_xlfn.TEXTJOIN(" + ",TRUE,IF('Roulement V2'!O46="MC","Garde · Beaune",""),IF('Roulement V2'!P46="MC","Garde · Dijon",""),IF('Roulement V2'!O47="MC","Doublon · Beaune",""),IF('Roulement V2'!P47="MC","Doublon · Dijon",""))} | I11: {=_xlfn.TEXTJOIN(" + ",TRUE,IF('Roulement V2'!Q46="MC","Garde · Beaune",""),IF('Roulement V2'!R46="MC","Garde · Dijon",""),IF('Roulement V2'!Q47="MC","Doublon · Beaune",""),IF('Roulement V2'!R47="MC","Doublon · Dijon",""))}
A14: Récapitulatif — sur 8 semaines (mise à jour automatique)
A15: J1 · 8h-16h | B15: {=COUNTIF(B5:I9,"*J1 · 8h-16h*")} -> 4 | D15: Beaune | E15: {=COUNTIF(B5:I9,"*Beaune*")} -> 14
A16: J2 · 14h-22h | B16: {=COUNTIF(B5:I9,"*J2 · 14h-22h*")} -> 10 | D16: Dijon | E16: {=COUNTIF(B5:I9,"*Dijon*")} -> 10
A17: Journée · 8h-18h30 | B17: {=COUNTIF(B5:I9,"*journée · 8h-18h30*")} -> 10
A18: Total semaine | B18: {=COUNTIF(B5:I9,"?*")} -> 24 | D18: Gardes WE | E18: {=COUNTIF(B10:I11,"*Garde*")} -> 4
D19: Doublons WE | E19: {=COUNTIF(B10:I11,"*Doublon*")} -> 0

Sheet Caroline Chauvet
A1: Planning V2 — Caroline Chauvet (CC)
A2: Roulement sur 8 semaines · lié à la feuille "Roulement V2" (mise à jour automatique)
A4: Jour | B4: S1 | C4: S2 | D4: S3 | E4: S4 | F4: S5 | G4: S6 | H4: S7 | I4: S8
A5: Lundi | B5: {=_xlfn.TEXTJOIN(" + ",TRUE,IF('Roulement V2'!C4="CC","J1 · 8h-16h · Beaune",""),IF('Roulement V2'!D4="CC","J1 · 8h-16h · Dijon",""),IF('Roulement V2'!C5="CC","J2 · 14h-22h · Beaune",""),IF('Roulement V2'!D5="CC","J2 · 14h-22h · Dijon",""),IF('Roulement V2'!C6="CC","journée · 8h-18h30 · Beaune",""),IF('Roulement V2'!D6="CC","journée · 8h-18h30 · Dijon",""),IF('Roulement V2'!C7="CC","journée · 8h-18h30 · Beaune",""),IF('Roulement V2'!D7="CC","journée · 8h-18h30 · Dijon",""),IF('Roulement V2'!C8="CC","J5 · 12h-20h · Beaune",""),IF('Roulement V2'!D8="CC","J5 · 12h-20h · Dijon",""),IF('Roulement V2'!C9="CC","préJ2/J6 · 8h-14h · Beaune",""),IF('Roulement V2'!D9="CC","préJ2/J6 · 8h-14h · Dijon",""),IF('Roulement V2'!C10="CC","journée · 8h-18h30 · Beaune",""),IF('Roulement V2'!D10="CC","journée · 8h-18h30 · Dijon",""),IF('Roulement V2'!C11="CC","journée · 8h-18h30 · Beaune",""),IF('Roulement V2'!D11="CC","journée · 8h-18h30 · Dijon",""))} -> journée · 8h-18h30 · Dijon | C5: {=_xlfn.TEXTJOIN(" + ",TRUE,IF('Roulement V2'!E4="CC","J1 · 8h-16h · Beaune",""),IF('Roulement V2'!F4="CC","J1 · 8h-16h · Dijon",""),IF('Roulement V2'!E5="CC","J2 · 14h-22h · Beaune",""),IF('Roulement V2'!F5="CC","J2 · 14h-22h · Dijon",""),IF('Roulement V2'!E6="CC","journée · 8h-18h30 · Beaune",""),IF('Roulement V2'!F6="CC","journée · 8h-18h30 · Dijon",""),IF('Roulement V2'!E7="CC","journée · 8h-18h30 · Beaune",""),IF('Roulement V2'!F7="CC","journée · 8h-18h30 · Dijon",""),IF('Roulement V2'!E8="CC","J5 · 12h-20h · Beaune",""),IF('Roulement V2'!F8="CC","J5 · 12h-20h · Dijon",""),IF('Roulement V2'!E9="CC","préJ2/J6 · 8h-14h · Beaune",""),IF('Roulement V2'!F9="CC","préJ2/J6 · 8h-14h · Dijon",""),IF('Roulement V2'!E10="CC","journée · 8h-18h30 · Beaune",""),IF('Roulement V2'!F10="CC","journée · 8h-18h30 · Dijon",""),IF('Roulement V2'!E11="CC","journée · 8h-18h30 · Beaune",""),IF('Roulement V2'!F11="CC","journée · 8h-18h30 · Dijon",""))} -> J2 · 14h-22h · Dijon | D5: {=_xlfn.TEXTJOIN(" + ",TRUE,IF('Roulement V2'!G4="CC","J1 · 8h-16h · Beaune",""),IF('Roulement V2'!H4="CC","J1 · 8h-16h · Dijon",""),IF('Roulement V2'!G5="CC","J2 · 14h-22h · Beaune",""),IF('Roulement V2'!H5="CC","J2 · 14h-22h · Dijon",""),IF('Roulement V2'!G6="CC","journée · 8h-18h30 · Beaune",""),IF('Roulement V2'!H6="CC","journée · 8h-18h30 · Dijon",""),IF('Roulement V2'!G7="CC","journée · 8h-18h30 · Beaune",""),IF('Roulement V2'!H7="CC","journée · 8h-18h30 · Dijon",""),IF('Roulement V2'!G8="CC","J5 · 12h-20h · Beaune",""),IF('Roulement V2'!H8="CC","J5 · 12h-20h · Dijon",""),IF('Roulement V2'!G9="CC","préJ2/J6 · 8h-14h · Beaune",""),IF('Roulement V2'!H9="CC","préJ2/J6 · 8h-14h · Dijon",""),IF('Roulement V2'!G10="CC","journée · 8h-18h30 · Beaune",""),IF('Roulement V2'!H10="CC","journée · 8h-18h30 · Dijon",""),IF('Roulement V2'!G11="CC","journée · 8h-18h30 · Beaune",""),IF('Roulement V2'!H11="CC","journée · 8h-18h30 · Dijon",""))} | E5: {=_xlfn.TEXTJOIN(" + ",TRUE,IF('Roulement V2'!I4="CC","J1 · 8h-16h · Beaune",""),IF('Roulement V2'!J4="CC","J1 · 8h-16h · Dijon",""),IF('Roulement V2'!I5="CC","J2 · 14h-22h · Beaune",""),IF('Roulement V2'!J5="CC","J2 · 14h-22h · Dijon",""),IF('Roulement V2'!I6="CC","journée · 8h-18h30 · Beaune",""),IF('Roulement V2'!J6="CC","journée · 8h-18h30 · Dijon",""),IF('Roulement V2'!I7="CC","journée · 8h-18h30 · Beaune",""),IF('Roulement V2'!J7="CC","journée · 8h-18h30 · Dijon",""),IF('Roulement V2'!I8="CC","J5 · 12h-20h · Beaune",""),IF('Roulement V2'!J8="CC","J5 · 12h-20h · Dijon",""),IF('Roulement V2'!I9="CC","préJ2/J6 · 8h-14h · Beaune",""),IF('Roulement V2'!J9="CC","préJ2/J6 · 8h-14h · Dijon",""),IF('Roulement V2'!I10="CC","journée · 8h-18h30 · Beaune",""),IF('Roulement V2'!J10="CC","journée · 8h-18h30 · Dijon",""),IF('Roulement V2'!I11="CC","journée · 8h-18h30 · Beaune",""),IF('Roulement V2'!J11="CC","journée · 8h-18h30 · Dijon",""))} -> journée · 8h-18h30 · Dijon | F5: {=_xlfn.TEXTJOIN(" + ",TRUE,IF('Roulement V2'!K4="CC","J1 · 8h-16h · Beaune",""),IF('Roulement V2'!L4="CC","J1 · 8h-16h · Dijon",""),IF('Roulement V2'!K5="CC","J2 · 14h-22h · Beaune",""),IF('Roulement V2'!L5="CC","J2 · 14h-22h · Dijon",""),IF('Roulement V2'!K6="CC","journée · 8h-18h30 · Beaune",""),IF('Roulement V2'!L6="CC","journée · 8h-18h30 · Dijon",""),IF('Roulement V2'!K7="CC","journée · 8h-18h30 · Beaune",""),IF('Roulement V2'!L7="CC","journée · 8h-18h30 · Dijon",""),IF('Roulement V2'!K8="CC","J5 · 12h-20h · Beaune",""),IF('Roulement V2'!L8="CC","J5 · 12h-20h · Dijon",""),IF('Roulement V2'!K9="CC","préJ2/J6 · 8h-14h · Beaune",""),IF('Roulement V2'!L9="CC","préJ2/J6 · 8h-14h · Dijon",""),IF('Roulement V2'!K10="CC","journée · 8h-18h30 · Beaune",""),IF('Roulement V2'!L10="CC","journée · 8h-18h30 · Dijon",""),IF('Roulement V2'!K11="CC","journée · 8h-18h30 · Beaune",""),IF('Roulement V2'!L11="CC","journée · 8h-18h30 · Dijon",""))} -> journée · 8h-18h30 · Dijon | G5: {=_xlfn.TEXTJOIN(" + ",TRUE,IF('Roulement V2'!M4="CC","J1 · 8h-16h · Beaune",""),IF('Roulement V2'!N4="CC","J1 · 8h-16h · Dijon",""),IF('Roulement V2'!M5="CC","J2 · 14h-22h · Beaune",""),IF('Roulement V2'!N5="CC","J2 · 14h-22h · Dijon",""),IF('Roulement V2'!M6="CC","journée · 8h-18h30 · Beaune",""),IF('Roulement V2'!N6="CC","journée · 8h-18h30 · Dijon",""),IF('Roulement V2'!M7="CC","journée · 8h-18h30 · Beaune",""),IF('Roulement V2'!N7="CC","journée · 8h-18h30 · Dijon",""),IF('Roulement V2'!M8="CC","J5 · 12h-20h · Beaune",""),IF('Roulement V2'!N8="CC","J5 · 12h-20h · Dijon",""),IF('Roulement V2'!M9="CC","préJ2/J6 · 8h-14h · Beaune",""),IF('Roulement V2'!N9="CC","préJ2/J6 · 8h-14h · Dijon",""),IF('Roulement V2'!M10="CC","journée · 8h-18h30 · Beaune",""),IF('Roulement V2'!N10="CC","journée · 8h-18h30 · Dijon",""),IF('Roulement V2'!M11="CC","journée · 8h-18h30 · Beaune",""),IF('Roulement V2'!N11="CC","journée · 8h-18h30 · Dijon",""))} -> J2 · 14h-22h · Beaune | H5: {=_xlfn.TEXTJOIN(" + ",TRUE,IF('Roulement V2'!O4="CC","J1 · 8h-16h · Beaune",""),IF('Roulement V2'!P4="CC","J1 · 8h-16h · Dijon",""),IF('Roulement V2'!O5="CC","J2 · 14h-22h · Beaune",""),IF('Roulement V2'!P5="CC","J2 · 14h-22h · Dijon",""),IF('Roulement V2'!O6="CC","journée · 8h-18h30 · Beaune",""),IF('Roulement V2'!P6="CC","journée · 8h-18h30 · Dijon",""),IF('Roulement V2'!O7="CC","journée · 8h-18h30 · Beaune",""),IF('Roulement V2'!P7="CC","journée · 8h-18h30 · Dijon",""),IF('Roulement V2'!O8="CC","J5 · 12h-20h · Beaune",""),IF('Roulement V2'!P8="CC","J5 · 12h-20h · Dijon",""),IF('Roulement V2'!O9="CC","préJ2/J6 · 8h-14h · Beaune",""),IF('Roulement V2'!P9="CC","préJ2/J6 · 8h-14h · Dijon",""),IF('Roulement V2'!O10="CC","journée · 8h-18h30 · Beaune",""),IF('Roulement V2'!P10="CC","journée · 8h-18h30 · Dijon",""),IF('Roulement V2'!O11="CC","journée · 8h-18h30 · Beaune",""),IF('Roulement V2'!P11="CC","journée · 8h-18h30 · Dijon",""))} | I5: {=_xlfn.TEXTJOIN(" + ",TRUE,IF('Roulement V2'!Q4="CC","J1 · 8h-16h · Beaune",""),IF('Roulement V2'!R4="CC","J1 · 8h-16h · Dijon",""),IF('Roulement V2'!Q5="CC","J2 · 14h-22h · Beaune",""),IF('Roulement V2'!R5="CC","J2 · 14h-22h · Dijon",""),IF('Roulement V2'!Q6="CC","journée · 8h-18h30 · Beaune",""),IF('Roulement V2'!R6="CC","journée · 8h-18h30 · Dijon",""),IF('Roulement V2'!Q7="CC","journée · 8h-18h30 · Beaune",""),IF('Roulement V2'!R7="CC","journée · 8h-18h30 · Dijon",""),IF('Roulement V2'!Q8="CC","J5 · 12h-20h · Beaune",""),IF('Roulement V2'!R8="CC","J5 · 12h-20h · Dijon",""),IF('Roulement V2'!Q9="CC","préJ2/J6 · 8h-14h · Beaune",""),IF('Roulement V2'!R9="CC","préJ2/J6 · 8h-14h · Dijon",""),IF('Roulement V2'!Q10="CC","journée · 8h-18h30 · Beaune",""),IF('Roulement V2'!R10="CC","journée · 8h-18h30 · Dijon",""),IF('Roulement V2'!Q11="CC","journée · 8h-18h30 · Beaune",""),IF('Roulement V2'!R11="CC","journée · 8h-18h30 · Dijon",""))} -> J1 · 8h-16h · Beaune
A6: Mardi | B6: {=_xlfn.TEXTJOIN(" + ",TRUE,IF('Roulement V2'!C12="CC","J1 · 8h-16h · Beaune",""),IF('Roulement V2'!D12="CC","J1 · 8h-16h · Dijon",""),IF('Roulement V2'!C13="CC","J2 · 14h-22h · Beaune",""),IF('Roulement V2'!D13="CC","J2 · 14h-22h · Dijon",""),IF('Roulement V2'!C14="CC","journée · 8h-18h30 · Beaune",""),IF('Roulement V2'!D14="CC","journée · 8h-18h30 · Dijon",""),IF('Roulement V2'!C15="CC","journée · 8h-18h30 · Beaune",""),IF('Roulement V2'!D15="CC","journée · 8h-18h30 · Dijon",""),IF('Roulement V2'!C16="CC","J5 · 12h-20h · Beaune",""),IF('Roulement V2'!D16="CC","J5 · 12h-20h · Dijon",""),IF('Roulement V2'!C17="CC","préJ2/J6 · 8h-14h · Beaune",""),IF('Roulement V2'!D17="CC","préJ2/J6 · 8h-14h · Dijon",""),IF('Roulement V2'!C18="CC","journée · 8h-18h30 · Beaune",""),IF('Roulement V2'!D18="CC","journée · 8h-18h30 · Dijon",""),IF('Roulement V2'!C19="CC","journée · 8h-18h30 · Beaune",""),IF('Roulement V2'!D19="CC","journée · 8h-18h30 · Dijon",""))} | C6: {=_xlfn.TEXTJOIN(" + ",TRUE,IF('Roulement V2'!E12="CC","J1 · 8h-16h · Beaune",""),IF('Roulement V2'!F12="CC","J1 · 8h-16h · Dijon",""),IF('Roulement V2'!E13="CC","J2 · 14h-22h · Beaune",""),IF('Roulement V2'!F13="CC","J2 · 14h-22h · Dijon",""),IF('Roulement V2'!E14="CC","journée · 8h-18h30 · Beaune",""),IF('Roulement V2'!F14="CC","journée · 8h-18h30 · Dijon",""),IF('Roulement V2'!E15="CC","journée · 8h-18h30 · Beaune",""),IF('Roulement V2'!F15="CC","journée · 8h-18h30 · Dijon",""),IF('Roulement V2'!E16="CC","J5 · 12h-20h · Beaune",""),IF('Roulement V2'!F16="CC","J5 · 12h-20h · Dijon",""),IF('Roulement V2'!E17="CC","préJ2/J6 · 8h-14h · Beaune",""),IF('Roulement V2'!F17="CC","préJ2/J6 · 8h-14h · Dijon",""),IF('Roulement V2'!E18="CC","journée · 8h-18h30 · Beaune",""),IF('Roulement V2'!F18="CC","journée · 8h-18h30 · Dijon",""),IF('Roulement V2'!E19="CC","journée · 8h-18h30 · Beaune",""),IF('Roulement V2'!F19="CC","journée · 8h-18h30 · Dijon",""))} -> journée · 8h-18h30 · Beaune | D6: {=_xlfn.TEXTJOIN(" + ",TRUE,IF('Roulement V2'!G12="CC","J1 · 8h-16h · Beaune",""),IF('Roulement V2'!H12="CC","J1 · 8h-16h · Dijon",""),IF('Roulement V2'!G13="CC","J2 · 14h-22h · Beaune",""),IF('Roulement V2'!H13="CC","J2 · 14h-22h · Dijon",""),IF('Roulement V2'!G14="CC","journée · 8h-18h30 · Beaune",""),IF('Roulement V2'!H14="CC","journée · 8h-18h30 · Dijon",""),IF('Roulement V2'!G15="CC","journée · 8h-18h30 · Beaune",""),IF('Roulement V2'!H15="CC","journée · 8h-18h30 · Dijon",""),IF('Roulement V2'!G16="CC","J5 · 12h-20h · Beaune",""),IF('Roulement V2'!H16="CC","J5 · 12h-20h · Dijon",""),IF('Roulement V2'!G17="CC","préJ2/J6 · 8h-14h · Beaune",""),IF('Roulement V2'!H17="CC","préJ2/J6 · 8h-14h · Dijon",""),IF('Roulement V2'!G18="CC","journée · 8h-18h30 · Beaune",""),IF('Roulement V2'!H18="CC","journée · 8h-18h30 · Dijon",""),IF('Roulement V2'!G19="CC","journée · 8h-18h30 · Beaune",""),IF('Roulement V2'!H19="CC","journée · 8h-18h30 · Dijon",""))} -> J2 · 14h-22h · Dijon | E6: {=_xlfn.TEXTJOIN(" + ",TRUE,IF('Roulement V2'!I12="CC","J1 · 8h-16h · Beaune",""),IF('Roulement V2'!J12="CC","J1 · 8h-16h · Dijon",""),IF('Roulement V2'!I13="CC","J2 · 14h-22h · Beaune",""),IF('Roulement V2'!J13="CC","J2 · 14h-22h · Dijon",""),IF('Roulement V2'!I14="CC","journée · 8h-18h30 · Beaune",""),IF('Roulement V2'!J14="CC","journée · 8h-18h30 · Dijon",""),IF('Roulement V2'!I15="CC","journée · 8h-18h30 · Beaune",""),IF('Roulement V2'!J15="CC","journée · 8h-18h30 · Dijon",""),IF('Roulement V2'!I16="CC","J5 · 12h-20h · Beaune",""),IF('Roulement V2'!J16="CC","J5 · 12h-20h · Dijon",""),IF('Roulement V2'!I17="CC","préJ2/J6 · 8h-14h · Beaune",""),IF('Roulement V2'!J17="CC","préJ2/J6 · 8h-14h · Dijon",""),IF('Roulement V2'!I18="CC","journée · 8h-18h30 · Beaune",""),IF('Roulement V2'!J18="CC","journée · 8h-18h30 · Dijon",""),IF('Roulement V2'!I19="CC","journée · 8h-18h30 · Beaune",""),IF('Roulement V2'!J19="CC","journée · 8h-18h30 · Dijon",""))} -> journée · 8h-18h30 · Beaune | F6: {=_xlfn.TEXTJOIN(" + ",TRUE,IF('Roulement V2'!K12="CC","J1 · 8h-16h · Beaune",""),IF('Roulement V2'!L12="CC","J1 · 8h-16h · Dijon",""),IF('Roulement V2'!K13="CC","J2 · 14h-22h · Beaune",""),IF('Roulement V2'!L13="CC","J2 · 14h-22h · Dijon",""),IF('Roulement V2'!K14="CC","journée · 8h-18h30 · Beaune",""),IF('Roulement V2'!L14="CC","journée · 8h-18h30 · Dijon",""),IF('Roulement V2'!K15="CC","journée · 8h-18h30 · Beaune",""),IF('Roulement V2'!L15="CC","journée · 8h-18h30 · Dijon",""),IF('Roulement V2'!K16="CC","J5 · 12h-20h · Beaune",""),IF('Roulement V2'!L16="CC","J5 · 12h-20h · Dijon",""),IF('Roulement V2'!K17="CC","préJ2/J6 · 8h-14h · Beaune",""),IF('Roulement V2'!L17="CC","préJ2/J6 · 8h-14h · Dijon",""),IF('Roulement V2'!K18="CC","journée · 8h-18h30 · Beaune",""),IF('Roulement V2'!L18="CC","journée · 8h-18h30 · Dijon",""),IF('Roulement V2'!K19="CC","journée · 8h-18h30 · Beaune",""),IF('Roulement V2'!L19="CC","journée · 8h-18h30 · Dijon",""))} | G6: {=_xlfn.TEXTJOIN(" + ",TRUE,IF('Roulement V2'!M12="CC","J1 · 8h-16h · Beaune",""),IF('Roulement V2'!N12="CC","J1 · 8h-16h · Dijon",""),IF('Roulement V2'!M13="CC","J2 · 14h-22h · Beaune",""),IF('Roulement V2'!N13="CC","J2 · 14h-22h · Dijon",""),IF('Roulement V2'!M14="CC","journée · 8h-18h30 · Beaune",""),IF('Roulement V2'!N14="CC","journée · 8h-18h30 · Dijon",""),IF('Roulement V2'!M15="CC","journée · 8h-18h30 · Beaune",""),IF('Roulement V2'!N15="CC","journée · 8h-18h30 · Dijon",""),IF('Roulement V2'!M16="CC","J5 · 12h-20h · Beaune",""),IF('Roulement V2'!N16="CC","J5 · 12h-20h · Dijon",""),IF('Roulement V2'!M17="CC","préJ2/J6 · 8h-14h · Beaune",""),IF('Roulement V2'!N17="CC","préJ2/J6 · 8h-14h · Dijon",""),IF('Roulement V2'!M18="CC","journée · 8h-18h30 · Beaune",""),IF('Roulement V2'!N18="CC","journée · 8h-18h30 · Dijon",""),IF('Roulement V2'!M19="CC","journée · 8h-18h30 · Beaune",""),IF('Roulement V2'!N19="CC","journée · 8h-18h30 · Dijon",""))} -> journée · 8h-18h30 · Beaune | H6: {=_xlfn.TEXTJOIN(" + ",TRUE,IF('Roulement V2'!O12="CC","J1 · 8h-16h · Beaune",""),IF('Roulement V2'!P12="CC","J1 · 8h-16h · Dijon",""),IF('Roulement V2'!O13="CC","J2 · 14h-22h · Beaune",""),IF('Roulement V2'!P13="CC","J2 · 14h-22h · Dijon",""),IF('Roulement V2'!O14="CC","journée · 8h-18h30 · Beaune",""),IF('Roulement V2'!P14="CC","journée · 8h-18h30 · Dijon",""),IF('Roulement V2'!O15="CC","journée · 8h-18h30 · Beaune",""),IF('Roulement V2'!P15="CC","journée · 8h-18h30 · Dijon",""),IF('Roulement V2'!O16="CC","J5 · 12h-20h · Beaune",""),IF('Roulement V2'!P16="CC","J5 · 12h-20h · Dijon",""),IF('Roulement V2'!O17="CC","préJ2/J6 · 8h-14h · Beaune",""),IF('Roulement V2'!P17="CC","préJ2/J6 · 8h-14h · Dijon",""),IF('Roulement V2'!O18="CC","journée · 8h-18h30 · Beaune",""),IF('Roulement V2'!P18="CC","journée · 8h-18h30 · Dijon",""),IF('Roulement V2'!O19="CC","journée · 8h-18h30 · Beaune",""),IF('Roulement V2'!P19="CC","journée · 8h-18h30 · Dijon",""))} -> J2 · 14h-22h · Beaune | I6: {=_xlfn.TEXTJOIN(" + ",TRUE,IF('Roulement V2'!Q12="CC","J1 · 8h-16h · Beaune",""),IF('Roulement V2'!R12="CC","J1 · 8h-16h · Dijon",""),IF('Roulement V2'!Q13="CC","J2 · 14h-22h · Beaune",""),IF('Roulement V2'!R13="CC","J2 · 14h-22h · Dijon",""),IF('Roulement V2'!Q14="CC","journée · 8h-18h30 · Beaune",""),IF('Roulement V2'!R14="CC","journée · 8h-18h30 · Dijon",""),IF('Roulement V2'!Q15="CC","journée · 8h-18h30 · Beaune",""),IF('Roulement V2'!R15="CC","journée · 8h-18h30 · Dijon",""),IF('Roulement V2'!Q16="CC","J5 · 12h-20h · Beaune",""),IF('Roulement V2'!R16="CC","J5 · 12h-20h · Dijon",""),IF('Roulement V2'!Q17="CC","préJ2/J6 · 8h-14h · Beaune",""),IF('Roulement V2'!R17="CC","préJ2/J6 · 8h-14h · Dijon",""),IF('Roulement V2'!Q18="CC","journée · 8h-18h30 · Beaune",""),IF('Roulement V2'!R18="CC","journée · 8h-18h30 · Dijon",""),IF('Roulement V2'!Q19="CC","journée · 8h-18h30 · Beaune",""),IF('Roulement V2'!R19="CC","journée · 8h-18h30 · Dijon",""))} -> J2 · 14h-22h · Dijon
A7: Mercredi | B7: {=_xlfn.TEXTJOIN(" + ",TRUE,IF('Roulement V2'!C20="CC","J1 · 8h-16h · Beaune",""),IF('Roulement V2'!D20="CC","J1 · 8h-16h · Dijon",""),IF('Roulement V2'!C21="CC","J2 · 14h-22h · Beaune",""),IF('Roulement V2'!D21="CC","J2 · 14h-22h · Dijon",""),IF('Roulement V2'!C22="CC","journée · 8h-18h30 · Beaune",""),IF('Roulement V2'!D22="CC","journée · 8h-18h30 · Dijon",""),IF('Roulement V2'!C23="CC","journée · 8h-18h30 · Beaune",""),IF('Roulement V2'!D23="CC","journée · 8h-18h30 · Dijon",""),IF('Roulement V2'!C24="CC","J5 · 12h-20h · Beaune",""),IF('Roulement V2'!D24="CC","J5 · 12h-20h · Dijon",""),IF('Roulement V2'!C25="CC","préJ2/J6 · 8h-14h · Beaune",""),IF('Roulement V2'!D25="CC","préJ2/J6 · 8h-14h · Dijon",""),IF('Roulement V2'!C26="CC","journée · 8h-18h30 · Beaune",""),IF('Roulement V2'!D26="CC","journée · 8h-18h30 · Dijon",""),IF('Roulement V2'!C27="CC","journée · 8h-18h30 · Beaune",""),IF('Roulement V2'!D27="CC","journée · 8h-18h30 · Dijon",""))} | C7: {=_xlfn.TEXTJOIN(" + ",TRUE,IF('Roulement V2'!E20="CC","J1 · 8h-16h · Beaune",""),IF('Roulement V2'!F20="CC","J1 · 8h-16h · Dijon",""),IF('Roulement V2'!E21="CC","J2 · 14h-22h · Beaune",""),IF('Roulement V2'!F21="CC","J2 · 14h-22h · Dijon",""),IF('Roulement V2'!E22="CC","journée · 8h-18h30 · Beaune",""),IF('Roulement V2'!F22="CC","journée · 8h-18h30 · Dijon",""),IF('Roulement V2'!E23="CC","journée · 8h-18h30 · Beaune",""),IF('Roulement V2'!F23="CC","journée · 8h-18h30 · Dijon",""),IF('Roulement V2'!E24="CC","J5 · 12h-20h · Beaune",""),IF('Roulement V2'!F24="CC","J5 · 12h-20h · Dijon",""),IF('Roulement V2'!E25="CC","préJ2/J6 · 8h-14h · Beaune",""),IF('Roulement V2'!F25="CC","préJ2/J6 · 8h-14h · Dijon",""),IF('Roulement V2'!E26="CC","journée · 8h-18h30 · Beaune",""),IF('Roulement V2'!F26="CC","journée · 8h-18h30 · Dijon",""),IF('Roulement V2'!E27="CC","journée · 8h-18h30 · Beaune",""),IF('Roulement V2'!F27="CC","journée · 8h-18h30 · Dijon",""))} | D7: {=_xlfn.TEXTJOIN(" + ",TRUE,IF('Roulement V2'!G20="CC","J1 · 8h-16h · Beaune",""),IF('Roulement V2'!H20="CC","J1 · 8h-16h · Dijon",""),IF('Roulement V2'!G21="CC","J2 · 14h-22h · Beaune",""),IF('Roulement V2'!H21="CC","J2 · 14h-22h · Dijon",""),IF('Roulement V2'!G22="CC","journée · 8h-18h30 · Beaune",""),IF('Roulement V2'!H22="CC","journée · 8h-18h30 · Dijon",""),IF('Roulement V2'!G23="CC","journée · 8h-18h30 · Beaune",""),IF('Roulement V2'!H23="CC","journée · 8h-18h30 · Dijon",""),IF('Roulement V2'!G24="CC","J5 · 12h-20h · Beaune",""),IF('Roulement V2'!H24="CC","J5 · 12h-20h · Dijon",""),IF('Roulement V2'!G25="CC","préJ2/J6 · 8h-14h · Beaune",""),IF('Roulement V2'!H25="CC","préJ2/J6 · 8h-14h · Dijon",""),IF('Roulement V2'!G26="CC","journée · 8h-18h30 · Beaune",""),IF('Roulement V2'!H26="CC","journée · 8h-18h30 · Dijon",""),IF('Roulement V2'!G27="CC","journée · 8h-18h30 · Beaune",""),IF('Roulement V2'!H27="CC","journée · 8h-18h30 · Dijon",""))} -> journée · 8h-18h30 · Beaune | E7: {=_xlfn.TEXTJOIN(" + ",TRUE,IF('Roulement V2'!I20="CC","J1 · 8h-16h · Beaune",""),IF('Roulement V2'!J20="CC","J1 · 8h-16h · Dijon",""),IF('Roulement V2'!I21="CC","J2 · 14h-22h · Beaune",""),IF('Roulement V2'!J21="CC","J2 · 14h-22h · Dijon",""),IF('Roulement V2'!I22="CC","journée · 8h-18h30 · Beaune",""),IF('Roulement V2'!J22="CC","journée · 8h-18h30 · Dijon",""),IF('Roulement V2'!I23="CC","journée · 8h-18h30 · Beaune",""),IF('Roulement V2'!J23="CC","journée · 8h-18h30 · Dijon",""),IF('Roulement V2'!I24="CC","J5 · 12h-20h · Beaune",""),IF('Roulement V2'!J24="CC","J5 · 12h-20h · Dijon",""),IF('Roulement V2'!I25="CC","préJ2/J6 · 8h-14h · Beaune",""),IF('Roulement V2'!J25="CC","préJ2/J6 · 8h-14h · Dijon",""),IF('Roulement V2'!I26="CC","journée · 8h-18h30 · Beaune",""),IF('Roulement V2'!J26="CC","journée · 8h-18h30 · Dijon",""),IF('Roulement V2'!I27="CC","journée · 8h-18h30 · Beaune",""),IF('Roulement V2'!J27="CC","journée · 8h-18h30 · Dijon",""))} | F7: {=_xlfn.TEXTJOIN(" + ",TRUE,IF('Roulement V2'!K20="CC","J1 · 8h-16h · Beaune",""),IF('Roulement V2'!L20="CC","J1 · 8h-16h · Dijon",""),IF('Roulement V2'!K21="CC","J2 · 14h-22h · Beaune",""),IF('Roulement V2'!L21="CC","J2 · 14h-22h · Dijon",""),IF('Roulement V2'!K22="CC","journée · 8h-18h30 · Beaune",""),IF('Roulement V2'!L22="CC","journée · 8h-18h30 · Dijon",""),IF('Roulement V2'!K23="CC","journée · 8h-18h30 · Beaune",""),IF('Roulement V2'!L23="CC","journée · 8h-18h30 · Dijon",""),IF('Roulement V2'!K24="CC","J5 · 12h-20h · Beaune",""),IF('Roulement V2'!L24="CC","J5 · 12h-20h · Dijon",""),IF('Roulement V2'!K25="CC","préJ2/J6 · 8h-14h · Beaune",""),IF('Roulement V2'!L25="CC","préJ2/J6 · 8h-14h · Dijon",""),IF('Roulement V2'!K26="CC","journée · 8h-18h30 · Beaune",""),IF('Roulement V2'!L26="CC","journée · 8h-18h30 · Dijon",""),IF('Roulement V2'!K27="CC","journée · 8h-18h30 · Beaune",""),IF('Roulement V2'!L27="CC","journée · 8h-18h30 · Dijon",""))} | G7: {=_xlfn.TEXTJOIN(" + ",TRUE,IF('Roulement V2'!M20="CC","J1 · 8h-16h · Beaune",""),IF('Roulement V2'!N20="CC","J1 · 8h-16h · Dijon",""),IF('Roulement V2'!M21="CC","J2 · 14h-22h · Beaune",""),IF('Roulement V2'!N21="CC","J2 · 14h-22h · Dijon",""),IF('Roulement V2'!M22="CC","journée · 8h-18h30 · Beaune",""),IF('Roulement V2'!N22="CC","journée · 8h-18h30 · Dijon",""),IF('Roulement V2'!M23="CC","journée · 8h-18h30 · Beaune",""),IF('Roulement V2'!N23="CC","journée · 8h-18h30 · Dijon",""),IF('Roulement V2'!M24="CC","J5 · 12h-20h · Beaune",""),IF('Roulement V2'!N24="CC","J5 · 12h-20h · Dijon",""),IF('Roulement V2'!M25="CC","préJ2/J6 · 8h-14h · Beaune",""),IF('Roulement V2'!N25="CC","préJ2/J6 · 8h-14h · Dijon",""),IF('Roulement V2'!M26="CC","journée · 8h-18h30 · Beaune",""),IF('Roulement V2'!N26="CC","journée · 8h-18h30 · Dijon",""),IF('Roulement V2'!M27="CC","journée · 8h-18h30 · Beaune",""),IF('Roulement V2'!N27="CC","journée · 8h-18h30 · Dijon",""))} | H7: {=_xlfn.TEXTJOIN(" + ",TRUE,IF('Roulement V2'!O20="CC","J1 · 8h-16h · Beaune",""),IF('Roulement V2'!P20="CC","J1 · 8h-16h · Dijon",""),IF('Roulement V2'!O21="CC","J2 · 14h-22h · Beaune",""),IF('Roulement V2'!P21="CC","J2 · 14h-22h · Dijon",""),IF('Roulement V2'!O22="CC","journée · 8h-18h30 · Beaune",""),IF('Roulement V2'!P22="CC","journée · 8h-18h30 · Dijon",""),IF('Roulement V2'!O23="CC","journée · 8h-18h30 · Beaune",""),IF('Roulement V2'!P23="CC","journée · 8h-18h30 · Dijon",""),IF('Roulement V2'!O24="CC","J5 · 12h-20h · Beaune",""),IF('Roulement V2'!P24="CC","J5 · 12h-20h · Dijon",""),IF('Roulement V2'!O25="CC","préJ2/J6 · 8h-14h · Beaune",""),IF('Roulement V2'!P25="CC","préJ2/J6 · 8h-14h · Dijon",""),IF('Roulement V2'!O26="CC","journée · 8h-18h30 · Beaune",""),IF('Roulement V2'!P26="CC","journée · 8h-18h30 · Dijon",""),IF('Roulement V2'!O27="CC","journée · 8h-18h30 · Beaune",""),IF('Roulement V2'!P27="CC","journée · 8h-18h30 · Dijon",""))} -> J2 · 14h-22h · Dijon | I7: {=_xlfn.TEXTJOIN(" + ",TRUE,IF('Roulement V2'!Q20="CC","J1 · 8h-16h · Beaune",""),IF('Roulement V2'!R20="CC","J1 · 8h-16h · Dijon",""),IF('Roulement V2'!Q21="CC","J2 · 14h-22h · Beaune",""),IF('Roulement V2'!R21="CC","J2 · 14h-22h · Dijon",""),IF('Roulement V2'!Q22="CC","journée · 8h-18h30 · Beaune",""),IF('Roulement V2'!R22="CC","journée · 8h-18h30 · Dijon",""),IF('Roulement V2'!Q23="CC","journée · 8h-18h30 · Beaune",""),IF('Roulement V2'!R23="CC","journée · 8h-18h30 · Dijon",""),IF('Roulement V2'!Q24="CC","J5 · 12h-20h · Beaune",""),IF('Roulement V2'!R24="CC","J5 · 12h-20h · Dijon",""),IF('Roulement V2'!Q25="CC","préJ2/J6 · 8h-14h · Beaune",""),IF('Roulement V2'!R25="CC","préJ2/J6 · 8h-14h · Dijon",""),IF('Roulement V2'!Q26="CC","journée · 8h-18h30 · Beaune",""),IF('Roulement V2'!R26="CC","journée · 8h-18h30 · Dijon",""),IF('Roulement V2'!Q27="CC","journée · 8h-18h30 · Beaune",""),IF('Roulement V2'!R27="CC","journée · 8h-18h30 · Dijon",""))}
A8: Jeudi | B8: {=_xlfn.TEXTJOIN(" + ",TRUE,IF('Roulement V2'!C28="CC","J1 · 8h-16h · Beaune",""),IF('Roulement V2'!D28="CC","J1 · 8h-16h · Dijon",""),IF('Roulement V2'!C29="CC","J2 · 14h-22h · Beaune",""),IF('Roulement V2'!D29="CC","J2 · 14h-22h · Dijon",""),IF('Roulement V2'!C30="CC","journée · 8h-18h30 · Beaune",""),IF('Roulement V2'!D30="CC","journée · 8h-18h30 · Dijon",""),IF('Roulement V2'!C31="CC","journée · 8h-18h30 · Beaune",""),IF('Roulement V2'!D31="CC","journée · 8h-18h30 · Dijon",""),IF('Roulement V2'!C32="CC","J5 · 12h-20h · Beaune",""),IF('Roulement V2'!D32="CC","J5 · 12h-20h · Dijon",""),IF('Roulement V2'!C33="CC","préJ2/J6 · 8h-14h · Beaune",""),IF('Roulement V2'!D33="CC","préJ2/J6 · 8h-14h · Dijon",""),IF('Roulement V2'!C34="CC","journée · 8h-18h30 · Beaune",""),IF('Roulement V2'!D34="CC","journée · 8h-18h30 · Dijon",""),IF('Roulement V2'!C35="CC","journée · 8h-18h30 · Beaune",""),IF('Roulement V2'!D35="CC","journée · 8h-18h30 · Dijon",""))} -> journée · 8h-18h30 · Dijon | C8: {=_xlfn.TEXTJOIN(" + ",TRUE,IF('Roulement V2'!E28="CC","J1 · 8h-16h · Beaune",""),IF('Roulement V2'!F28="CC","J1 · 8h-16h · Dijon",""),IF('Roulement V2'!E29="CC","J2 · 14h-22h · Beaune",""),IF('Roulement V2'!F29="CC","J2 · 14h-22h · Dijon",""),IF('Roulement V2'!E30="CC","journée · 8h-18h30 · Beaune",""),IF('Roulement V2'!F30="CC","journée · 8h-18h30 · Dijon",""),IF('Roulement V2'!E31="CC","journée · 8h-18h30 · Beaune",""),IF('Roulement V2'!F31="CC","journée · 8h-18h30 · Dijon",""),IF('Roulement V2'!E32="CC","J5 · 12h-20h · Beaune",""),IF('Roulement V2'!F32="CC","J5 · 12h-20h · Dijon",""),IF('Roulement V2'!E33="CC","préJ2/J6 · 8h-14h · Beaune",""),IF('Roulement V2'!F33="CC","préJ2/J6 · 8h-14h · Dijon",""),IF('Roulement V2'!E34="CC","journée · 8h-18h30 · Beaune",""),IF('Roulement V2'!F34="CC","journée · 8h-18h30 · Dijon",""),IF('Roulement V2'!E35="CC","journée · 8h-18h30 · Beaune",""),IF('Roulement V2'!F35="CC","journée · 8h-18h30 · Dijon",""))} -> J1 · 8h-16h · Beaune | D8: {=_xlfn.TEXTJOIN(" + ",TRUE,IF('Roulement V2'!G28="CC","J1 · 8h-16h · Beaune",""),IF('Roulement V2'!H28="CC","J1 · 8h-16h · Dijon",""),IF('Roulement V2'!G29="CC","J2 · 14h-22h · Beaune",""),IF('Roulement V2'!H29="CC","J2 · 14h-22h · Dijon",""),IF('Roulement V2'!G30="CC","journée · 8h-18h30 · Beaune",""),IF('Roulement V2'!H30="CC","journée · 8h-18h30 · Dijon",""),IF('Roulement V2'!G31="CC","journée · 8h-18h30 · Beaune",""),IF('Roulement V2'!H31="CC","journée · 8h-18h30 · Dijon",""),IF('Roulement V2'!G32="CC","J5 · 12h-20h · Beaune",""),IF('Roulement V2'!H32="CC","J5 · 12h-20h · Dijon",""),IF('Roulement V2'!G33="CC","préJ2/J6 · 8h-14h · Beaune",""),IF('Roulement V2'!H33="CC","préJ2/J6 · 8h-14h · Dijon",""),IF('Roulement V2'!G34="CC","journée · 8h-18h30 · Beaune",""),IF('Roulement V2'!H34="CC","journée · 8h-18h30 · Dijon",""),IF('Roulement V2'!G35="CC","journée · 8h-18h30 · Beaune",""),IF('Roulement V2'!H35="CC","journée · 8h-18h30 · Dijon",""))} -> J1 · 8h-16h · Beaune | E8: {=_xlfn.TEXTJOIN(" + ",TRUE,IF('Roulement V2'!I28="CC","J1 · 8h-16h · Beaune",""),IF('Roulement V2'!J28="CC","J1 · 8h-16h · Dijon",""),IF('Roulement V2'!I29="CC","J2 · 14h-22h · Beaune",""),IF('Roulement V2'!J29="CC","J2 · 14h-22h · Dijon",""),IF('Roulement V2'!I30="CC","journée · 8h-18h30 · Beaune",""),IF('Roulement V2'!J30="CC","journée · 8h-18h30 · Dijon",""),IF('Roulement V2'!I31="CC","journée · 8h-18h30 · Beaune",""),IF('Roulement V2'!J31="CC","journée · 8h-18h30 · Dijon",""),IF('Roulement V2'!I32="CC","J5 · 12h-20h · Beaune",""),IF('Roulement V2'!J32="CC","J5 · 12h-20h · Dijon",""),IF('Roulement V2'!I33="CC","préJ2/J6 · 8h-14h · Beaune",""),IF('Roulement V2'!J33="CC","préJ2/J6 · 8h-14h · Dijon",""),IF('Roulement V2'!I34="CC","journée · 8h-18h30 · Beaune",""),IF('Roulement V2'!J34="CC","journée · 8h-18h30 · Dijon",""),IF('Roulement V2'!I35="CC","journée · 8h-18h30 · Beaune",""),IF('Roulement V2'!J35="CC","journée · 8h-18h30 · Dijon",""))} -> journée · 8h-18h30 · Dijon | F8: {=_xlfn.TEXTJOIN(" + ",TRUE,IF('Roulement V2'!K28="CC","J1 · 8h-16h · Beaune",""),IF('Roulement V2'!L28="CC","J1 · 8h-16h · Dijon",""),IF('Roulement V2'!K29="CC","J2 · 14h-22h · Beaune",""),IF('Roulement V2'!L29="CC","J2 · 14h-22h · Dijon",""),IF('Roulement V2'!K30="CC","journée · 8h-18h30 · Beaune",""),IF('Roulement V2'!L30="CC","journée · 8h-18h30 · Dijon",""),IF('Roulement V2'!K31="CC","journée · 8h-18h30 · Beaune",""),IF('Roulement V2'!L31="CC","journée · 8h-18h30 · Dijon",""),IF('Roulement V2'!K32="CC","J5 · 12h-20h · Beaune",""),IF('Roulement V2'!L32="CC","J5 · 12h-20h · Dijon",""),IF('Roulement V2'!K33="CC","préJ2/J6 · 8h-14h · Beaune",""),IF('Roulement V2'!L33="CC","préJ2/J6 · 8h-14h · Dijon",""),IF('Roulement V2'!K34="CC","journée · 8h-18h30 · Beaune",""),IF('Roulement V2'!L34="CC","journée · 8h-18h30 · Dijon",""),IF('Roulement V2'!K35="CC","journée · 8h-18h30 · Beaune",""),IF('Roulement V2'!L35="CC","journée · 8h-18h30 · Dijon",""))} -> journée · 8h-18h30 · Dijon | G8: {=_xlfn.TEXTJOIN(" + ",TRUE,IF('Roulement V2'!M28="CC","J1 · 8h-16h · Beaune",""),IF('Roulement V2'!N28="CC","J1 · 8h-16h · Dijon",""),IF('Roulement V2'!M29="CC","J2 · 14h-22h · Beaune",""),IF('Roulement V2'!N29="CC","J2 · 14h-22h · Dijon",""),IF('Roulement V2'!M30="CC","journée · 8h-18h30 · Beaune",""),IF('Roulement V2'!N30="CC","journée · 8h-18h30 · Dijon",""),IF('Roulement V2'!M31="CC","journée · 8h-18h30 · Beaune",""),IF('Roulement V2'!N31="CC","journée · 8h-18h30 · Dijon",""),IF('Roulement V2'!M32="CC","J5 · 12h-20h · Beaune",""),IF('Roulement V2'!N32="CC","J5 · 12h-20h · Dijon",""),IF('Roulement V2'!M33="CC","préJ2/J6 · 8h-14h · Beaune",""),IF('Roulement V2'!N33="CC","préJ2/J6 · 8h-14h · Dijon",""),IF('Roulement V2'!M34="CC","journée · 8h-18h30 · Beaune",""),IF('Roulement V2'!N34="CC","journée · 8h-18h30 · Dijon",""),IF('Roulement V2'!M35="CC","journée · 8h-18h30 · Beaune",""),IF('Roulement V2'!N35="CC","journée · 8h-18h30 · Dijon",""))} -> journée · 8h-18h30 · Dijon | H8: {=_xlfn.TEXTJOIN(" + ",TRUE,IF('Roulement V2'!O28="CC","J1 · 8h-16h · Beaune",""),IF('Roulement V2'!P28="CC","J1 · 8h-16h · Dijon",""),IF('Roulement V2'!O29="CC","J2 · 14h-22h · Beaune",""),IF('Roulement V2'!P29="CC","J2 · 14h-22h · Dijon",""),IF('Roulement V2'!O30="CC","journée · 8h-18h30 · Beaune",""),IF('Roulement V2'!P30="CC","journée · 8h-18h30 · Dijon",""),IF('Roulement V2'!O31="CC","journée · 8h-18h30 · Beaune",""),IF('Roulement V2'!P31="CC","journée · 8h-18h30 · Dijon",""),IF('Roulement V2'!O32="CC","J5 · 12h-20h · Beaune",""),IF('Roulement V2'!P32="CC","J5 · 12h-20h · Dijon",""),IF('Roulement V2'!O33="CC","préJ2/J6 · 8h-14h · Beaune",""),IF('Roulement V2'!P33="CC","préJ2/J6 · 8h-14h · Dijon",""),IF('Roulement V2'!O34="CC","journée · 8h-18h30 · Beaune",""),IF('Roulement V2'!P34="CC","journée · 8h-18h30 · Dijon",""),IF('Roulement V2'!O35="CC","journée · 8h-18h30 · Beaune",""),IF('Roulement V2'!P35="CC","journée · 8h-18h30 · Dijon",""))} -> J1 · 8h-16h · Beaune | I8: {=_xlfn.TEXTJOIN(" + ",TRUE,IF('Roulement V2'!Q28="CC","J1 · 8h-16h · Beaune",""),IF('Roulement V2'!R28="CC","J1 · 8h-16h · Dijon",""),IF('Roulement V2'!Q29="CC","J2 · 14h-22h · Beaune",""),IF('Roulement V2'!R29="CC","J2 · 14h-22h · Dijon",""),IF('Roulement V2'!Q30="CC","journée · 8h-18h30 · Beaune",""),IF('Roulement V2'!R30="CC","journée · 8h-18h30 · Dijon",""),IF('Roulement V2'!Q31="CC","journée · 8h-18h30 · Beaune",""),IF('Roulement V2'!R31="CC","journée · 8h-18h30 · Dijon",""),IF('Roulement V2'!Q32="CC","J5 · 12h-20h · Beaune",""),IF('Roulement V2'!R32="CC","J5 · 12h-20h · Dijon",""),IF('Roulement V2'!Q33="CC","préJ2/J6 · 8h-14h · Beaune",""),IF('Roulement V2'!R33="CC","préJ2/J6 · 8h-14h · Dijon",""),IF('Roulement V2'!Q34="CC","journée · 8h-18h30 · Beaune",""),IF('Roulement V2'!R34="CC","journée · 8h-18h30 · Dijon",""),IF('Roulement V2'!Q35="CC","journée · 8h-18h30 · Beaune",""),IF('Roulement V2'!R35="CC","journée · 8h-18h30 · Dijon",""))} -> journée · 8h-18h30 · Dijon
A9: vendredi | B9: {=_xlfn.TEXTJOIN(" + ",TRUE,IF('Roulement V2'!C36="CC","J1 · 8h-16h · Beaune",""),IF('Roulement V2'!D36="CC","J1 · 8h-16h · Dijon",""),IF('Roulement V2'!C37="CC","J2 · 14h-22h · Beaune",""),IF('Roulement V2'!D37="CC","J2 · 14h-22h · Dijon",""),IF('Roulement V2'!C38="CC","journée · 8h-18h30 · Beaune",""),IF('Roulement V2'!D38="CC","journée · 8h-18h30 · Dijon",""),IF('Roulement V2'!C39="CC","journée · 8h-18h30 · Beaune",""),IF('Roulement V2'!D39="CC","journée · 8h-18h30 · Dijon",""),IF('Roulement V2'!C40="CC","J5 · 12h-20h · Beaune",""),IF('Roulement V2'!D40="CC","J5 · 12h-20h · Dijon",""),IF('Roulement V2'!C41="CC","préJ2/J6 · 8h-14h · Beaune",""),IF('Roulement V2'!D41="CC","préJ2/J6 · 8h-14h · Dijon",""),IF('Roulement V2'!C42="CC","journée · 8h-18h30 · Beaune",""),IF('Roulement V2'!D42="CC","journée · 8h-18h30 · Dijon",""),IF('Roulement V2'!C43="CC","journée · 8h-18h30 · Beaune",""),IF('Roulement V2'!D43="CC","journée · 8h-18h30 · Dijon",""))} | C9: {=_xlfn.TEXTJOIN(" + ",TRUE,IF('Roulement V2'!E36="CC","J1 · 8h-16h · Beaune",""),IF('Roulement V2'!F36="CC","J1 · 8h-16h · Dijon",""),IF('Roulement V2'!E37="CC","J2 · 14h-22h · Beaune",""),IF('Roulement V2'!F37="CC","J2 · 14h-22h · Dijon",""),IF('Roulement V2'!E38="CC","journée · 8h-18h30 · Beaune",""),IF('Roulement V2'!F38="CC","journée · 8h-18h30 · Dijon",""),IF('Roulement V2'!E39="CC","journée · 8h-18h30 · Beaune",""),IF('Roulement V2'!F39="CC","journée · 8h-18h30 · Dijon",""),IF('Roulement V2'!E40="CC","J5 · 12h-20h · Beaune",""),IF('Roulement V2'!F40="CC","J5 · 12h-20h · Dijon",""),IF('Roulement V2'!E41="CC","préJ2/J6 · 8h-14h · Beaune",""),IF('Roulement V2'!F41="CC","préJ2/J6 · 8h-14h · Dijon",""),IF('Roulement V2'!E42="CC","journée · 8h-18h30 · Beaune",""),IF('Roulement V2'!F42="CC","journée · 8h-18h30 · Dijon",""),IF('Roulement V2'!E43="CC","journée · 8h-18h30 · Beaune",""),IF('Roulement V2'!F43="CC","journée · 8h-18h30 · Dijon",""))} -> J2 · 14h-22h · Beaune | D9: {=_xlfn.TEXTJOIN(" + ",TRUE,IF('Roulement V2'!G36="CC","J1 · 8h-16h · Beaune",""),IF('Roulement V2'!H36="CC","J1 · 8h-16h · Dijon",""),IF('Roulement V2'!G37="CC","J2 · 14h-22h · Beaune",""),IF('Roulement V2'!H37="CC","J2 · 14h-22h · Dijon",""),IF('Roulement V2'!G38="CC","journée · 8h-18h30 · Beaune",""),IF('Roulement V2'!H38="CC","journée · 8h-18h30 · Dijon",""),IF('Roulement V2'!G39="CC","journée · 8h-18h30 · Beaune",""),IF('Roulement V2'!H39="CC","journée · 8h-18h30 · Dijon",""),IF('Roulement V2'!G40="CC","J5 · 12h-20h · Beaune",""),IF('Roulement V2'!H40="CC","J5 · 12h-20h · Dijon",""),IF('Roulement V2'!G41="CC","préJ2/J6 · 8h-14h · Beaune",""),IF('Roulement V2'!H41="CC","préJ2/J6 · 8h-14h · Dijon",""),IF('Roulement V2'!G42="CC","journée · 8h-18h30 · Beaune",""),IF('Roulement V2'!H42="CC","journée · 8h-18h30 · Dijon",""),IF('Roulement V2'!G43="CC","journée · 8h-18h30 · Beaune",""),IF('Roulement V2'!H43="CC","journée · 8h-18h30 · Dijon",""))} | E9: {=_xlfn.TEXTJOIN(" + ",TRUE,IF('Roulement V2'!I36="CC","J1 · 8h-16h · Beaune",""),IF('Roulement V2'!J36="CC","J1 · 8h-16h · Dijon",""),IF('Roulement V2'!I37="CC","J2 · 14h-22h · Beaune",""),IF('Roulement V2'!J37="CC","J2 · 14h-22h · Dijon",""),IF('Roulement V2'!I38="CC","journée · 8h-18h30 · Beaune",""),IF('Roulement V2'!J38="CC","journée · 8h-18h30 · Dijon",""),IF('Roulement V2'!I39="CC","journée · 8h-18h30 · Beaune",""),IF('Roulement V2'!J39="CC","journée · 8h-18h30 · Dijon",""),IF('Roulement V2'!I40="CC","J5 · 12h-20h · Beaune",""),IF('Roulement V2'!J40="CC","J5 · 12h-20h · Dijon",""),IF('Roulement V2'!I41="CC","préJ2/J6 · 8h-14h · Beaune",""),IF('Roulement V2'!J41="CC","préJ2/J6 · 8h-14h · Dijon",""),IF('Roulement V2'!I42="CC","journée · 8h-18h30 · Beaune",""),IF('Roulement V2'!J42="CC","journée · 8h-18h30 · Dijon",""),IF('Roulement V2'!I43="CC","journée · 8h-18h30 · Beaune",""),IF('Roulement V2'!J43="CC","journée · 8h-18h30 · Dijon",""))} | F9: {=_xlfn.TEXTJOIN(" + ",TRUE,IF('Roulement V2'!K36="CC","J1 · 8h-16h · Beaune",""),IF('Roulement V2'!L36="CC","J1 · 8h-16h · Dijon",""),IF('Roulement V2'!K37="CC","J2 · 14h-22h · Beaune",""),IF('Roulement V2'!L37="CC","J2 · 14h-22h · Dijon",""),IF('Roulement V2'!K38="CC","journée · 8h-18h30 · Beaune",""),IF('Roulement V2'!L38="CC","journée · 8h-18h30 · Dijon",""),IF('Roulement V2'!K39="CC","journée · 8h-18h30 · Beaune",""),IF('Roulement V2'!L39="CC","journée · 8h-18h30 · Dijon",""),IF('Roulement V2'!K40="CC","J5 · 12h-20h · Beaune",""),IF('Roulement V2'!L40="CC","J5 · 12h-20h · Dijon",""),IF('Roulement V2'!K41="CC","préJ2/J6 · 8h-14h · Beaune",""),IF('Roulement V2'!L41="CC","préJ2/J6 · 8h-14h · Dijon",""),IF('Roulement V2'!K42="CC","journée · 8h-18h30 · Beaune",""),IF('Roulement V2'!L42="CC","journée · 8h-18h30 · Dijon",""),IF('Roulement V2'!K43="CC","journée · 8h-18h30 · Beaune",""),IF('Roulement V2'!L43="CC","journée · 8h-18h30 · Dijon",""))} | G9: {=_xlfn.TEXTJOIN(" + ",TRUE,IF('Roulement V2'!M36="CC","J1 · 8h-16h · Beaune",""),IF('Roulement V2'!N36="CC","J1 · 8h-16h · Dijon",""),IF('Roulement V2'!M37="CC","J2 · 14h-22h · Beaune",""),IF('Roulement V2'!N37="CC","J2 · 14h-22h · Dijon",""),IF('Roulement V2'!M38="CC","journée · 8h-18h30 · Beaune",""),IF('Roulement V2'!N38="CC","journée · 8h-18h30 · Dijon",""),IF('Roulement V2'!M39="CC","journée · 8h-18h30 · Beaune",""),IF('Roulement V2'!N39="CC","journée · 8h-18h30 · Dijon",""),IF('Roulement V2'!M40="CC","J5 · 12h-20h · Beaune",""),IF('Roulement V2'!N40="CC","J5 · 12h-20h · Dijon",""),IF('Roulement V2'!M41="CC","préJ2/J6 · 8h-14h · Beaune",""),IF('Roulement V2'!N41="CC","préJ2/J6 · 8h-14h · Dijon",""),IF('Roulement V2'!M42="CC","journée · 8h-18h30 · Beaune",""),IF('Roulement V2'!N42="CC","journée · 8h-18h30 · Dijon",""),IF('Roulement V2'!M43="CC","journée · 8h-18h30 · Beaune",""),IF('Roulement V2'!N43="CC","journée · 8h-18h30 · Dijon",""))} -> J2 · 14h-22h · Dijon | H9: {=_xlfn.TEXTJOIN(" + ",TRUE,IF('Roulement V2'!O36="CC","J1 · 8h-16h · Beaune",""),IF('Roulement V2'!P36="CC","J1 · 8h-16h · Dijon",""),IF('Roulement V2'!O37="CC","J2 · 14h-22h · Beaune",""),IF('Roulement V2'!P37="CC","J2 · 14h-22h · Dijon",""),IF('Roulement V2'!O38="CC","journée · 8h-18h30 · Beaune",""),IF('Roulement V2'!P38="CC","journée · 8h-18h30 · Dijon",""),IF('Roulement V2'!O39="CC","journée · 8h-18h30 · Beaune",""),IF('Roulement V2'!P39="CC","journée · 8h-18h30 · Dijon",""),IF('Roulement V2'!O40="CC","J5 · 12h-20h · Beaune",""),IF('Roulement V2'!P40="CC","J5 · 12h-20h · Dijon",""),IF('Roulement V2'!O41="CC","préJ2/J6 · 8h-14h · Beaune",""),IF('Roulement V2'!P41="CC","préJ2/J6 · 8h-14h · Dijon",""),IF('Roulement V2'!O42="CC","journée · 8h-18h30 · Beaune",""),IF('Roulement V2'!P42="CC","journée · 8h-18h30 · Dijon",""),IF('Roulement V2'!O43="CC","journée · 8h-18h30 · Beaune",""),IF('Roulement V2'!P43="CC","journée · 8h-18h30 · Dijon",""))} | I9: {=_xlfn.TEXTJOIN(" + ",TRUE,IF('Roulement V2'!Q36="CC","J1 · 8h-16h · Beaune",""),IF('Roulement V2'!R36="CC","J1 · 8h-16h · Dijon",""),IF('Roulement V2'!Q37="CC","J2 · 14h-22h · Beaune",""),IF('Roulement V2'!R37="CC","J2 · 14h-22h · Dijon",""),IF('Roulement V2'!Q38="CC","journée · 8h-18h30 · Beaune",""),IF('Roulement V2'!R38="CC","journée · 8h-18h30 · Dijon",""),IF('Roulement V2'!Q39="CC","journée · 8h-18h30 · Beaune",""),IF('Roulement V2'!R39="CC","journée · 8h-18h30 · Dijon",""),IF('Roulement V2'!Q40="CC","J5 · 12h-20h · Beaune",""),IF('Roulement V2'!R40="CC","J5 · 12h-20h · Dijon",""),IF('Roulement V2'!Q41="CC","préJ2/J6 · 8h-14h · Beaune",""),IF('Roulement V2'!R41="CC","préJ2/J6 · 8h-14h · Dijon",""),IF('Roulement V2'!Q42="CC","journée · 8h-18h30 · Beaune",""),IF('Roulement V2'!R42="CC","journée · 8h-18h30 · Dijon",""),IF('Roulement V2'!Q43="CC","journée · 8h-18h30 · Beaune",""),IF('Roulement V2'!R43="CC","journée · 8h-18h30 · Dijon",""))}
A10: Samedi | B10: {=_xlfn.TEXTJOIN(" + ",TRUE,IF('Roulement V2'!C44="CC","Garde · Beaune",""),IF('Roulement V2'!D44="CC","Garde · Dijon",""),IF('Roulement V2'!C45="CC","Doublon · Beaune",""),IF('Roulement V2'!D45="CC","Doublon · Dijon",""))} | C10: {=_xlfn.TEXTJOIN(" + ",TRUE,IF('Roulement V2'!E44="CC","Garde · Beaune",""),IF('Roulement V2'!F44="CC","Garde · Dijon",""),IF('Roulement V2'!E45="CC","Doublon · Beaune",""),IF('Roulement V2'!F45="CC","Doublon · Dijon",""))} -> Garde · Beaune | D10: {=_xlfn.TEXTJOIN(" + ",TRUE,IF('Roulement V2'!G44="CC","Garde · Beaune",""),IF('Roulement V2'!H44="CC","Garde · Dijon",""),IF('Roulement V2'!G45="CC","Doublon · Beaune",""),IF('Roulement V2'!H45="CC","Doublon · Dijon",""))} | E10: {=_xlfn.TEXTJOIN(" + ",TRUE,IF('Roulement V2'!I44="CC","Garde · Beaune",""),IF('Roulement V2'!J44="CC","Garde · Dijon",""),IF('Roulement V2'!I45="CC","Doublon · Beaune",""),IF('Roulement V2'!J45="CC","Doublon · Dijon",""))} | F10: {=_xlfn.TEXTJOIN(" + ",TRUE,IF('Roulement V2'!K44="CC","Garde · Beaune",""),IF('Roulement V2'!L44="CC","Garde · Dijon",""),IF('Roulement V2'!K45="CC","Doublon · Beaune",""),IF('Roulement V2'!L45="CC","Doublon · Dijon",""))} | G10: {=_xlfn.TEXTJOIN(" + ",TRUE,IF('Roulement V2'!M44="CC","Garde · Beaune",""),IF('Roulement V2'!N44="CC","Garde · Dijon",""),IF('Roulement V2'!M45="CC","Doublon · Beaune",""),IF('Roulement V2'!N45="CC","Doublon · Dijon",""))} -> Garde · Dijon | H10: {=_xlfn.TEXTJOIN(" + ",TRUE,IF('Roulement V2'!O44="CC","Garde · Beaune",""),IF('Roulement V2'!P44="CC","Garde · Dijon",""),IF('Roulement V2'!O45="CC","Doublon · Beaune",""),IF('Roulement V2'!P45="CC","Doublon · Dijon",""))} | I10: {=_xlfn.TEXTJOIN(" + ",TRUE,IF('Roulement V2'!Q44="CC","Garde · Beaune",""),IF('Roulement V2'!R44="CC","Garde · Dijon",""),IF('Roulement V2'!Q45="CC","Doublon · Beaune",""),IF('Roulement V2'!R45="CC","Doublon · Dijon",""))}
A11: Dimanche | B11: {=_xlfn.TEXTJOIN(" + ",TRUE,IF('Roulement V2'!C46="CC","Garde · Beaune",""),IF('Roulement V2'!D46="CC","Garde · Dijon",""),IF('Roulement V2'!C47="CC","Doublon · Beaune",""),IF('Roulement V2'!D47="CC","Doublon · Dijon",""))} | C11: {=_xlfn.TEXTJOIN(" + ",TRUE,IF('Roulement V2'!E46="CC","Garde · Beaune",""),IF('Roulement V2'!F46="CC","Garde · Dijon",""),IF('Roulement V2'!E47="CC","Doublon · Beaune",""),IF('Roulement V2'!F47="CC","Doublon · Dijon",""))} -> Garde · Beaune | D11: {=_xlfn.TEXTJOIN(" + ",TRUE,IF('Roulement V2'!G46="CC","Garde · Beaune",""),IF('Roulement V2'!H46="CC","Garde · Dijon",""),IF('Roulement V2'!G47="CC","Doublon · Beaune",""),IF('Roulement V2'!H47="CC","Doublon · Dijon",""))} | E11: {=_xlfn.TEXTJOIN(" + ",TRUE,IF('Roulement V2'!I46="CC","Garde · Beaune",""),IF('Roulement V2'!J46="CC","Garde · Dijon",""),IF('Roulement V2'!I47="CC","Doublon · Beaune",""),IF('Roulement V2'!J47="CC","Doublon · Dijon",""))} | F11: {=_xlfn.TEXTJOIN(" + ",TRUE,IF('Roulement V2'!K46="CC","Garde · Beaune",""),IF('Roulement V2'!L46="CC","Garde · Dijon",""),IF('Roulement V2'!K47="CC","Doublon · Beaune",""),IF('Roulement V2'!L47="CC","Doublon · Dijon",""))} | G11: {=_xlfn.TEXTJOIN(" + ",TRUE,IF('Roulement V2'!M46="CC","Garde · Beaune",""),IF('Roulement V2'!N46="CC","Garde · Dijon",""),IF('Roulement V2'!M47="CC","Doublon · Beaune",""),IF('Roulement V2'!N47="CC","Doublon · Dijon",""))} -> Garde · Dijon | H11: {=_xlfn.TEXTJOIN(" + ",TRUE,IF('Roulement V2'!O46="CC","Garde · Beaune",""),IF('Roulement V2'!P46="CC","Garde · Dijon",""),IF('Roulement V2'!O47="CC","Doublon · Beaune",""),IF('Roulement V2'!P47="CC","Doublon · Dijon",""))} | I11: {=_xlfn.TEXTJOIN(" + ",TRUE,IF('Roulement V2'!Q46="CC","Garde · Beaune",""),IF('Roulement V2'!R46="CC","Garde · Dijon",""),IF('Roulement V2'!Q47="CC","Doublon · Beaune",""),IF('Roulement V2'!R47="CC","Doublon · Dijon",""))}
A14: Récapitulatif — sur 8 semaines (mise à jour automatique)
A15: J1 · 8h-16h | B15: {=COUNTIF(B5:I9,"*J1 · 8h-16h*")} -> 4 | D15: Beaune | E15: {=COUNTIF(B5:I9,"*Beaune*")} -> 11
A16: J2 · 14h-22h | B16: {=COUNTIF(B5:I9,"*J2 · 14h-22h*")} -> 8 | D16: Dijon | E16: {=COUNTIF(B5:I9,"*Dijon*")} -> 13
A17: Journée · 8h-18h30 | B17: {=COUNTIF(B5:I9,"*journée · 8h-18h30*")} -> 12
A18: Total semaine | B18: {=COUNTIF(B5:I9,"?*")} -> 24 | D18: Gardes WE | E18: {=COUNTIF(B10:I11,"*Garde*")} -> 4
D19: Doublons WE | E19: {=COUNTIF(B10:I11,"*Doublon*")} -> 0

Sheet Xavier Baudrillart
A1: Planning V2 — Xavier Baudrillart (XB)
A2: Roulement sur 8 semaines · lié à la feuille "Roulement V2" (mise à jour automatique)
A4: Jour | B4: S1 | C4: S2 | D4: S3 | E4: S4 | F4: S5 | G4: S6 | H4: S7 | I4: S8
A5: Lundi | B5: {=_xlfn.TEXTJOIN(" + ",TRUE,IF('Roulement V2'!C4="XB","J1 · 8h-16h · Beaune",""),IF('Roulement V2'!D4="XB","J1 · 8h-16h · Dijon",""),IF('Roulement V2'!C5="XB","J2 · 14h-22h · Beaune",""),IF('Roulement V2'!D5="XB","J2 · 14h-22h · Dijon",""),IF('Roulement V2'!C6="XB","journée · 8h-18h30 · Beaune",""),IF('Roulement V2'!D6="XB","journée · 8h-18h30 · Dijon",""),IF('Roulement V2'!C7="XB","journée · 8h-18h30 · Beaune",""),IF('Roulement V2'!D7="XB","journée · 8h-18h30 · Dijon",""),IF('Roulement V2'!C8="XB","J5 · 12h-20h · Beaune",""),IF('Roulement V2'!D8="XB","J5 · 12h-20h · Dijon",""),IF('Roulement V2'!C9="XB","préJ2/J6 · 8h-14h · Beaune",""),IF('Roulement V2'!D9="XB","préJ2/J6 · 8h-14h · Dijon",""),IF('Roulement V2'!C10="XB","journée · 8h-18h30 · Beaune",""),IF('Roulement V2'!D10="XB","journée · 8h-18h30 · Dijon",""),IF('Roulement V2'!C11="XB","journée · 8h-18h30 · Beaune",""),IF('Roulement V2'!D11="XB","journée · 8h-18h30 · Dijon",""))} -> J2 · 14h-22h · Beaune | C5: {=_xlfn.TEXTJOIN(" + ",TRUE,IF('Roulement V2'!E4="XB","J1 · 8h-16h · Beaune",""),IF('Roulement V2'!F4="XB","J1 · 8h-16h · Dijon",""),IF('Roulement V2'!E5="XB","J2 · 14h-22h · Beaune",""),IF('Roulement V2'!F5="XB","J2 · 14h-22h · Dijon",""),IF('Roulement V2'!E6="XB","journée · 8h-18h30 · Beaune",""),IF('Roulement V2'!F6="XB","journée · 8h-18h30 · Dijon",""),IF('Roulement V2'!E7="XB","journée · 8h-18h30 · Beaune",""),IF('Roulement V2'!F7="XB","journée · 8h-18h30 · Dijon",""),IF('Roulement V2'!E8="XB","J5 · 12h-20h · Beaune",""),IF('Roulement V2'!F8="XB","J5 · 12h-20h · Dijon",""),IF('Roulement V2'!E9="XB","préJ2/J6 · 8h-14h · Beaune",""),IF('Roulement V2'!F9="XB","préJ2/J6 · 8h-14h · Dijon",""),IF('Roulement V2'!E10="XB","journée · 8h-18h30 · Beaune",""),IF('Roulement V2'!F10="XB","journée · 8h-18h30 · Dijon",""),IF('Roulement V2'!E11="XB","journée · 8h-18h30 · Beaune",""),IF('Roulement V2'!F11="XB","journée · 8h-18h30 · Dijon",""))} -> journée · 8h-18h30 · Dijon | D5: {=_xlfn.TEXTJOIN(" + ",TRUE,IF('Roulement V2'!G4="XB","J1 · 8h-16h · Beaune",""),IF('Roulement V2'!H4="XB","J1 · 8h-16h · Dijon",""),IF('Roulement V2'!G5="XB","J2 · 14h-22h · Beaune",""),IF('Roulement V2'!H5="XB","J2 · 14h-22h · Dijon",""),IF('Roulement V2'!G6="XB","journée · 8h-18h30 · Beaune",""),IF('Roulement V2'!H6="XB","journée · 8h-18h30 · Dijon",""),IF('Roulement V2'!G7="XB","journée · 8h-18h30 · Beaune",""),IF('Roulement V2'!H7="XB","journée · 8h-18h30 · Dijon",""),IF('Roulement V2'!G8="XB","J5 · 12h-20h · Beaune",""),IF('Roulement V2'!H8="XB","J5 · 12h-20h · Dijon",""),IF('Roulement V2'!G9="XB","préJ2/J6 · 8h-14h · Beaune",""),IF('Roulement V2'!H9="XB","préJ2/J6 · 8h-14h · Dijon",""),IF('Roulement V2'!G10="XB","journée · 8h-18h30 · Beaune",""),IF('Roulement V2'!H10="XB","journée · 8h-18h30 · Dijon",""),IF('Roulement V2'!G11="XB","journée · 8h-18h30 · Beaune",""),IF('Roulement V2'!H11="XB","journée · 8h-18h30 · Dijon",""))} -> J1 · 8h-16h · Beaune | E5: {=_xlfn.TEXTJOIN(" + ",TRUE,IF('Roulement V2'!I4="XB","J1 · 8h-16h · Beaune",""),IF('Roulement V2'!J4="XB","J1 · 8h-16h · Dijon",""),IF('Roulement V2'!I5="XB","J2 · 14h-22h · Beaune",""),IF('Roulement V2'!J5="XB","J2 · 14h-22h · Dijon",""),IF('Roulement V2'!I6="XB","journée · 8h-18h30 · Beaune",""),IF('Roulement V2'!J6="XB","journée · 8h-18h30 · Dijon",""),IF('Roulement V2'!I7="XB","journée · 8h-18h30 · Beaune",""),IF('Roulement V2'!J7="XB","journée · 8h-18h30 · Dijon",""),IF('Roulement V2'!I8="XB","J5 · 12h-20h · Beaune",""),IF('Roulement V2'!J8="XB","J5 · 12h-20h · Dijon",""),IF('Roulement V2'!I9="XB","préJ2/J6 · 8h-14h · Beaune",""),IF('Roulement V2'!J9="XB","préJ2/J6 · 8h-14h · Dijon",""),IF('Roulement V2'!I10="XB","journée · 8h-18h30 · Beaune",""),IF('Roulement V2'!J10="XB","journée · 8h-18h30 · Dijon",""),IF('Roulement V2'!I11="XB","journée · 8h-18h30 · Beaune",""),IF('Roulement V2'!J11="XB","journée · 8h-18h30 · Dijon",""))} | F5: {=_xlfn.TEXTJOIN(" + ",TRUE,IF('Roulement V2'!K4="XB","J1 · 8h-16h · Beaune",""),IF('Roulement V2'!L4="XB","J1 · 8h-16h · Dijon",""),IF('Roulement V2'!K5="XB","J2 · 14h-22h · Beaune",""),IF('Roulement V2'!L5="XB","J2 · 14h-22h · Dijon",""),IF('Roulement V2'!K6="XB","journée · 8h-18h30 · Beaune",""),IF('Roulement V2'!L6="XB","journée · 8h-18h30 · Dijon",""),IF('Roulement V2'!K7="XB","journée · 8h-18h30 · Beaune",""),IF('Roulement V2'!L7="XB","journée · 8h-18h30 · Dijon",""),IF('Roulement V2'!K8="XB","J5 · 12h-20h · Beaune",""),IF('Roulement V2'!L8="XB","J5 · 12h-20h · Dijon",""),IF('Roulement V2'!K9="XB","préJ2/J6 · 8h-14h · Beaune",""),IF('Roulement V2'!L9="XB","préJ2/J6 · 8h-14h · Dijon",""),IF('Roulement V2'!K10="XB","journée · 8h-18h30 · Beaune",""),IF('Roulement V2'!L10="XB","journée · 8h-18h30 · Dijon",""),IF('Roulement V2'!K11="XB","journée · 8h-18h30 · Beaune",""),IF('Roulement V2'!L11="XB","journée · 8h-18h30 · Dijon",""))} -> J2 · 14h-22h · Dijon | G5: {=_xlfn.TEXTJOIN(" + ",TRUE,IF('Roulement V2'!M4="XB","J1 · 8h-16h · Beaune",""),IF('Roulement V2'!N4="XB","J1 · 8h-16h · Dijon",""),IF('Roulement V2'!M5="XB","J2 · 14h-22h · Beaune",""),IF('Roulement V2'!N5="XB","J2 · 14h-22h · Dijon",""),IF('Roulement V2'!M6="XB","journée · 8h-18h30 · Beaune",""),IF('Roulement V2'!N6="XB","journée · 8h-18h30 · Dijon",""),IF('Roulement V2'!M7="XB","journée · 8h-18h30 · Beaune",""),IF('Roulement V2'!N7="XB","journée · 8h-18h30 · Dijon",""),IF('Roulement V2'!M8="XB","J5 · 12h-20h · Beaune",""),IF('Roulement V2'!N8="XB","J5 · 12h-20h · Dijon",""),IF('Roulement V2'!M9="XB","préJ2/J6 · 8h-14h · Beaune",""),IF('Roulement V2'!N9="XB","préJ2/J6 · 8h-14h · Dijon",""),IF('Roulement V2'!M10="XB","journée · 8h-18h30 · Beaune",""),IF('Roulement V2'!N10="XB","journée · 8h-18h30 · Dijon",""),IF('Roulement V2'!M11="XB","journée · 8h-18h30 · Beaune",""),IF('Roulement V2'!N11="XB","journée · 8h-18h30 · Dijon",""))} -> journée · 8h-18h30 · Dijon | H5: {=_xlfn.TEXTJOIN(" + ",TRUE,IF('Roulement V2'!O4="XB","J1 · 8h-16h · Beaune",""),IF('Roulement V2'!P4="XB","J1 · 8h-16h · Dijon",""),IF('Roulement V2'!O5="XB","J2 · 14h-22h · Beaune",""),IF('Roulement V2'!P5="XB","J2 · 14h-22h · Dijon",""),IF('Roulement V2'!O6="XB","journée · 8h-18h30 · Beaune",""),IF('Roulement V2'!P6="XB","journée · 8h-18h30 · Dijon",""),IF('Roulement V2'!O7="XB","journée · 8h-18h30 · Beaune",""),IF('Roulement V2'!P7="XB","journée · 8h-18h30 · Dijon",""),IF('Roulement V2'!O8="XB","J5 · 12h-20h · Beaune",""),IF('Roulement V2'!P8="XB","J5 · 12h-20h · Dijon",""),IF('Roulement V2'!O9="XB","préJ2/J6 · 8h-14h · Beaune",""),IF('Roulement V2'!P9="XB","préJ2/J6 · 8h-14h · Dijon",""),IF('Roulement V2'!O10="XB","journée · 8h-18h30 · Beaune",""),IF('Roulement V2'!P10="XB","journée · 8h-18h30 · Dijon",""),IF('Roulement V2'!O11="XB","journée · 8h-18h30 · Beaune",""),IF('Roulement V2'!P11="XB","journée · 8h-18h30 · Dijon",""))} -> J1 · 8h-16h · Beaune | I5: {=_xlfn.TEXTJOIN(" + ",TRUE,IF('Roulement V2'!Q4="XB","J1 · 8h-16h · Beaune",""),IF('Roulement V2'!R4="XB","J1 · 8h-16h · Dijon",""),IF('Roulement V2'!Q5="XB","J2 · 14h-22h · Beaune",""),IF('Roulement V2'!R5="XB","J2 · 14h-22h · Dijon",""),IF('Roulement V2'!Q6="XB","journée · 8h-18h30 · Beaune",""),IF('Roulement V2'!R6="XB","journée · 8h-18h30 · Dijon",""),IF('Roulement V2'!Q7="XB","journée · 8h-18h30 · Beaune",""),IF('Roulement V2'!R7="XB","journée · 8h-18h30 · Dijon",""),IF('Roulement V2'!Q8="XB","J5 · 12h-20h · Beaune",""),IF('Roulement V2'!R8="XB","J5 · 12h-20h · Dijon",""),IF('Roulement V2'!Q9="XB","préJ2/J6 · 8h-14h · Beaune",""),IF('Roulement V2'!R9="XB","préJ2/J6 · 8h-14h · Dijon",""),IF('Roulement V2'!Q10="XB","journée · 8h-18h30 · Beaune",""),IF('Roulement V2'!R10="XB","journée · 8h-18h30 · Dijon",""),IF('Roulement V2'!Q11="XB","journée · 8h-18h30 · Beaune",""),IF('Roulement V2'!R11="XB","journée · 8h-18h30 · Dijon",""))}
A6: Mardi | B6: {=_xlfn.TEXTJOIN(" + ",TRUE,IF('Roulement V2'!C12="XB","J1 · 8h-16h · Beaune",""),IF('Roulement V2'!D12="XB","J1 · 8h-16h · Dijon",""),IF('Roulement V2'!C13="XB","J2 · 14h-22h · Beaune",""),IF('Roulement V2'!D13="XB","J2 · 14h-22h · Dijon",""),IF('Roulement V2'!C14="XB","journée · 8h-18h30 · Beaune",""),IF('Roulement V2'!D14="XB","journée · 8h-18h30 · Dijon",""),IF('Roulement V2'!C15="XB","journée · 8h-18h30 · Beaune",""),IF('Roulement V2'!D15="XB","journée · 8h-18h30 · Dijon",""),IF('Roulement V2'!C16="XB","J5 · 12h-20h · Beaune",""),IF('Roulement V2'!D16="XB","J5 · 12h-20h · Dijon",""),IF('Roulement V2'!C17="XB","préJ2/J6 · 8h-14h · Beaune",""),IF('Roulement V2'!D17="XB","préJ2/J6 · 8h-14h · Dijon",""),IF('Roulement V2'!C18="XB","journée · 8h-18h30 · Beaune",""),IF('Roulement V2'!D18="XB","journée · 8h-18h30 · Dijon",""),IF('Roulement V2'!C19="XB","journée · 8h-18h30 · Beaune",""),IF('Roulement V2'!D19="XB","journée · 8h-18h30 · Dijon",""))} | C6: {=_xlfn.TEXTJOIN(" + ",TRUE,IF('Roulement V2'!E12="XB","J1 · 8h-16h · Beaune",""),IF('Roulement V2'!F12="XB","J1 · 8h-16h · Dijon",""),IF('Roulement V2'!E13="XB","J2 · 14h-22h · Beaune",""),IF('Roulement V2'!F13="XB","J2 · 14h-22h · Dijon",""),IF('Roulement V2'!E14="XB","journée · 8h-18h30 · Beaune",""),IF('Roulement V2'!F14="XB","journée · 8h-18h30 · Dijon",""),IF('Roulement V2'!E15="XB","journée · 8h-18h30 · Beaune",""),IF('Roulement V2'!F15="XB","journée · 8h-18h30 · Dijon",""),IF('Roulement V2'!E16="XB","J5 · 12h-20h · Beaune",""),IF('Roulement V2'!F16="XB","J5 · 12h-20h · Dijon",""),IF('Roulement V2'!E17="XB","préJ2/J6 · 8h-14h · Beaune",""),IF('Roulement V2'!F17="XB","préJ2/J6 · 8h-14h · Dijon",""),IF('Roulement V2'!E18="XB","journée · 8h-18h30 · Beaune",""),IF('Roulement V2'!F18="XB","journée · 8h-18h30 · Dijon",""),IF('Roulement V2'!E19="XB","journée · 8h-18h30 · Beaune",""),IF('Roulement V2'!F19="XB","journée · 8h-18h30 · Dijon",""))} | D6: {=_xlfn.TEXTJOIN(" + ",TRUE,IF('Roulement V2'!G12="XB","J1 · 8h-16h · Beaune",""),IF('Roulement V2'!H12="XB","J1 · 8h-16h · Dijon",""),IF('Roulement V2'!G13="XB","J2 · 14h-22h · Beaune",""),IF('Roulement V2'!H13="XB","J2 · 14h-22h · Dijon",""),IF('Roulement V2'!G14="XB","journée · 8h-18h30 · Beaune",""),IF('Roulement V2'!H14="XB","journée · 8h-18h30 · Dijon",""),IF('Roulement V2'!G15="XB","journée · 8h-18h30 · Beaune",""),IF('Roulement V2'!H15="XB","journée · 8h-18h30 · Dijon",""),IF('Roulement V2'!G16="XB","J5 · 12h-20h · Beaune",""),IF('Roulement V2'!H16="XB","J5 · 12h-20h · Dijon",""),IF('Roulement V2'!G17="XB","préJ2/J6 · 8h-14h · Beaune",""),IF('Roulement V2'!H17="XB","préJ2/J6 · 8h-14h · Dijon",""),IF('Roulement V2'!G18="XB","journée · 8h-18h30 · Beaune",""),IF('Roulement V2'!H18="XB","journée · 8h-18h30 · Dijon",""),IF('Roulement V2'!G19="XB","journée · 8h-18h30 · Beaune",""),IF('Roulement V2'!H19="XB","journée · 8h-18h30 · Dijon",""))} -> journée · 8h-18h30 · Dijon | E6: {=_xlfn.TEXTJOIN(" + ",TRUE,IF('Roulement V2'!I12="XB","J1 · 8h-16h · Beaune",""),IF('Roulement V2'!J12="XB","J1 · 8h-16h · Dijon",""),IF('Roulement V2'!I13="XB","J2 · 14h-22h · Beaune",""),IF('Roulement V2'!J13="XB","J2 · 14h-22h · Dijon",""),IF('Roulement V2'!I14="XB","journée · 8h-18h30 · Beaune",""),IF('Roulement V2'!J14="XB","journée · 8h-18h30 · Dijon",""),IF('Roulement V2'!I15="XB","journée · 8h-18h30 · Beaune",""),IF('Roulement V2'!J15="XB","journée · 8h-18h30 · Dijon",""),IF('Roulement V2'!I16="XB","J5 · 12h-20h · Beaune",""),IF('Roulement V2'!J16="XB","J5 · 12h-20h · Dijon",""),IF('Roulement V2'!I17="XB","préJ2/J6 · 8h-14h · Beaune",""),IF('Roulement V2'!J17="XB","préJ2/J6 · 8h-14h · Dijon",""),IF('Roulement V2'!I18="XB","journée · 8h-18h30 · Beaune",""),IF('Roulement V2'!J18="XB","journée · 8h-18h30 · Dijon",""),IF('Roulement V2'!I19="XB","journée · 8h-18h30 · Beaune",""),IF('Roulement V2'!J19="XB","journée · 8h-18h30 · Dijon",""))} -> journée · 8h-18h30 · Dijon | F6: {=_xlfn.TEXTJOIN(" + ",TRUE,IF('Roulement V2'!K12="XB","J1 · 8h-16h · Beaune",""),IF('Roulement V2'!L12="XB","J1 · 8h-16h · Dijon",""),IF('Roulement V2'!K13="XB","J2 · 14h-22h · Beaune",""),IF('Roulement V2'!L13="XB","J2 · 14h-22h · Dijon",""),IF('Roulement V2'!K14="XB","journée · 8h-18h30 · Beaune",""),IF('Roulement V2'!L14="XB","journée · 8h-18h30 · Dijon",""),IF('Roulement V2'!K15="XB","journée · 8h-18h30 · Beaune",""),IF('Roulement V2'!L15="XB","journée · 8h-18h30 · Dijon",""),IF('Roulement V2'!K16="XB","J5 · 12h-20h · Beaune",""),IF('Roulement V2'!L16="XB","J5 · 12h-20h · Dijon",""),IF('Roulement V2'!K17="XB","préJ2/J6 · 8h-14h · Beaune",""),IF('Roulement V2'!L17="XB","préJ2/J6 · 8h-14h · Dijon",""),IF('Roulement V2'!K18="XB","journée · 8h-18h30 · Beaune",""),IF('Roulement V2'!L18="XB","journée · 8h-18h30 · Dijon",""),IF('Roulement V2'!K19="XB","journée · 8h-18h30 · Beaune",""),IF('Roulement V2'!L19="XB","journée · 8h-18h30 · Dijon",""))} | G6: {=_xlfn.TEXTJOIN(" + ",TRUE,IF('Roulement V2'!M12="XB","J1 · 8h-16h · Beaune",""),IF('Roulement V2'!N12="XB","J1 · 8h-16h · Dijon",""),IF('Roulement V2'!M13="XB","J2 · 14h-22h · Beaune",""),IF('Roulement V2'!N13="XB","J2 · 14h-22h · Dijon",""),IF('Roulement V2'!M14="XB","journée · 8h-18h30 · Beaune",""),IF('Roulement V2'!N14="XB","journée · 8h-18h30 · Dijon",""),IF('Roulement V2'!M15="XB","journée · 8h-18h30 · Beaune",""),IF('Roulement V2'!N15="XB","journée · 8h-18h30 · Dijon",""),IF('Roulement V2'!M16="XB","J5 · 12h-20h · Beaune",""),IF('Roulement V2'!N16="XB","J5 · 12h-20h · Dijon",""),IF('Roulement V2'!M17="XB","préJ2/J6 · 8h-14h · Beaune",""),IF('Roulement V2'!N17="XB","préJ2/J6 · 8h-14h · Dijon",""),IF('Roulement V2'!M18="XB","journée · 8h-18h30 · Beaune",""),IF('Roulement V2'!N18="XB","journée · 8h-18h30 · Dijon",""),IF('Roulement V2'!M19="XB","journée · 8h-18h30 · Beaune",""),IF('Roulement V2'!N19="XB","journée · 8h-18h30 · Dijon",""))} | H6: {=_xlfn.TEXTJOIN(" + ",TRUE,IF('Roulement V2'!O12="XB","J1 · 8h-16h · Beaune",""),IF('Roulement V2'!P12="XB","J1 · 8h-16h · Dijon",""),IF('Roulement V2'!O13="XB","J2 · 14h-22h · Beaune",""),IF('Roulement V2'!P13="XB","J2 · 14h-22h · Dijon",""),IF('Roulement V2'!O14="XB","journée · 8h-18h30 · Beaune",""),IF('Roulement V2'!P14="XB","journée · 8h-18h30 · Dijon",""),IF('Roulement V2'!O15="XB","journée · 8h-18h30 · Beaune",""),IF('Roulement V2'!P15="XB","journée · 8h-18h30 · Dijon",""),IF('Roulement V2'!O16="XB","J5 · 12h-20h · Beaune",""),IF('Roulement V2'!P16="XB","J5 · 12h-20h · Dijon",""),IF('Roulement V2'!O17="XB","préJ2/J6 · 8h-14h · Beaune",""),IF('Roulement V2'!P17="XB","préJ2/J6 · 8h-14h · Dijon",""),IF('Roulement V2'!O18="XB","journée · 8h-18h30 · Beaune",""),IF('Roulement V2'!P18="XB","journée · 8h-18h30 · Dijon",""),IF('Roulement V2'!O19="XB","journée · 8h-18h30 · Beaune",""),IF('Roulement V2'!P19="XB","journée · 8h-18h30 · Dijon",""))} -> journée · 8h-18h30 · Dijon | I6: {=_xlfn.TEXTJOIN(" + ",TRUE,IF('Roulement V2'!Q12="XB","J1 · 8h-16h · Beaune",""),IF('Roulement V2'!R12="XB","J1 · 8h-16h · Dijon",""),IF('Roulement V2'!Q13="XB","J2 · 14h-22h · Beaune",""),IF('Roulement V2'!R13="XB","J2 · 14h-22h · Dijon",""),IF('Roulement V2'!Q14="XB","journée · 8h-18h30 · Beaune",""),IF('Roulement V2'!R14="XB","journée · 8h-18h30 · Dijon",""),IF('Roulement V2'!Q15="XB","journée · 8h-18h30 · Beaune",""),IF('Roulement V2'!R15="XB","journée · 8h-18h30 · Dijon",""),IF('Roulement V2'!Q16="XB","J5 · 12h-20h · Beaune",""),IF('Roulement V2'!R16="XB","J5 · 12h-20h · Dijon",""),IF('Roulement V2'!Q17="XB","préJ2/J6 · 8h-14h · Beaune",""),IF('Roulement V2'!R17="XB","préJ2/J6 · 8h-14h · Dijon",""),IF('Roulement V2'!Q18="XB","journée · 8h-18h30 · Beaune",""),IF('Roulement V2'!R18="XB","journée · 8h-18h30 · Dijon",""),IF('Roulement V2'!Q19="XB","journée · 8h-18h30 · Beaune",""),IF('Roulement V2'!R19="XB","journée · 8h-18h30 · Dijon",""))} -> J1 · 8h-16h · Beaune
A7: Mercredi | B7: {=_xlfn.TEXTJOIN(" + ",TRUE,IF('Roulement V2'!C20="XB","J1 · 8h-16h · Beaune",""),IF('Roulement V2'!D20="XB","J1 · 8h-16h · Dijon",""),IF('Roulement V2'!C21="XB","J2 · 14h-22h · Beaune",""),IF('Roulement V2'!D21="XB","J2 · 14h-22h · Dijon",""),IF('Roulement V2'!C22="XB","journée · 8h-18h30 · Beaune",""),IF('Roulement V2'!D22="XB","journée · 8h-18h30 · Dijon",""),IF('Roulement V2'!C23="XB","journée · 8h-18h30 · Beaune",""),IF('Roulement V2'!D23="XB","journée · 8h-18h30 · Dijon",""),IF('Roulement V2'!C24="XB","J5 · 12h-20h · Beaune",""),IF('Roulement V2'!D24="XB","J5 · 12h-20h · Dijon",""),IF('Roulement V2'!C25="XB","préJ2/J6 · 8h-14h · Beaune",""),IF('Roulement V2'!D25="XB","préJ2/J6 · 8h-14h · Dijon",""),IF('Roulement V2'!C26="XB","journée · 8h-18h30 · Beaune",""),IF('Roulement V2'!D26="XB","journée · 8h-18h30 · Dijon",""),IF('Roulement V2'!C27="XB","journée · 8h-18h30 · Beaune",""),IF('Roulement V2'!D27="XB","journée · 8h-18h30 · Dijon",""))} | C7: {=_xlfn.TEXTJOIN(" + ",TRUE,IF('Roulement V2'!E20="XB","J1 · 8h-16h · Beaune",""),IF('Roulement V2'!F20="XB","J1 · 8h-16h · Dijon",""),IF('Roulement V2'!E21="XB","J2 · 14h-22h · Beaune",""),IF('Roulement V2'!F21="XB","J2 · 14h-22h · Dijon",""),IF('Roulement V2'!E22="XB","journée · 8h-18h30 · Beaune",""),IF('Roulement V2'!F22="XB","journée · 8h-18h30 · Dijon",""),IF('Roulement V2'!E23="XB","journée · 8h-18h30 · Beaune",""),IF('Roulement V2'!F23="XB","journée · 8h-18h30 · Dijon",""),IF('Roulement V2'!E24="XB","J5 · 12h-20h · Beaune",""),IF('Roulement V2'!F24="XB","J5 · 12h-20h · Dijon",""),IF('Roulement V2'!E25="XB","préJ2/J6 · 8h-14h · Beaune",""),IF('Roulement V2'!F25="XB","préJ2/J6 · 8h-14h · Dijon",""),IF('Roulement V2'!E26="XB","journée · 8h-18h30 · Beaune",""),IF('Roulement V2'!F26="XB","journée · 8h-18h30 · Dijon",""),IF('Roulement V2'!E27="XB","journée · 8h-18h30 · Beaune",""),IF('Roulement V2'!F27="XB","journée · 8h-18h30 · Dijon",""))} -> journée · 8h-18h30 · Beaune | D7: {=_xlfn.TEXTJOIN(" + ",TRUE,IF('Roulement V2'!G20="XB","J1 · 8h-16h · Beaune",""),IF('Roulement V2'!H20="XB","J1 · 8h-16h · Dijon",""),IF('Roulement V2'!G21="XB","J2 · 14h-22h · Beaune",""),IF('Roulement V2'!H21="XB","J2 · 14h-22h · Dijon",""),IF('Roulement V2'!G22="XB","journée · 8h-18h30 · Beaune",""),IF('Roulement V2'!H22="XB","journée · 8h-18h30 · Dijon",""),IF('Roulement V2'!G23="XB","journée · 8h-18h30 · Beaune",""),IF('Roulement V2'!H23="XB","journée · 8h-18h30 · Dijon",""),IF('Roulement V2'!G24="XB","J5 · 12h-20h · Beaune",""),IF('Roulement V2'!H24="XB","J5 · 12h-20h · Dijon",""),IF('Roulement V2'!G25="XB","préJ2/J6 · 8h-14h · Beaune",""),IF('Roulement V2'!H25="XB","préJ2/J6 · 8h-14h · Dijon",""),IF('Roulement V2'!G26="XB","journée · 8h-18h30 · Beaune",""),IF('Roulement V2'!H26="XB","journée · 8h-18h30 · Dijon",""),IF('Roulement V2'!G27="XB","journée · 8h-18h30 · Beaune",""),IF('Roulement V2'!H27="XB","journée · 8h-18h30 · Dijon",""))} | E7: {=_xlfn.TEXTJOIN(" + ",TRUE,IF('Roulement V2'!I20="XB","J1 · 8h-16h · Beaune",""),IF('Roulement V2'!J20="XB","J1 · 8h-16h · Dijon",""),IF('Roulement V2'!I21="XB","J2 · 14h-22h · Beaune",""),IF('Roulement V2'!J21="XB","J2 · 14h-22h · Dijon",""),IF('Roulement V2'!I22="XB","journée · 8h-18h30 · Beaune",""),IF('Roulement V2'!J22="XB","journée · 8h-18h30 · Dijon",""),IF('Roulement V2'!I23="XB","journée · 8h-18h30 · Beaune",""),IF('Roulement V2'!J23="XB","journée · 8h-18h30 · Dijon",""),IF('Roulement V2'!I24="XB","J5 · 12h-20h · Beaune",""),IF('Roulement V2'!J24="XB","J5 · 12h-20h · Dijon",""),IF('Roulement V2'!I25="XB","préJ2/J6 · 8h-14h · Beaune",""),IF('Roulement V2'!J25="XB","préJ2/J6 · 8h-14h · Dijon",""),IF('Roulement V2'!I26="XB","journée · 8h-18h30 · Beaune",""),IF('Roulement V2'!J26="XB","journée · 8h-18h30 · Dijon",""),IF('Roulement V2'!I27="XB","journée · 8h-18h30 · Beaune",""),IF('Roulement V2'!J27="XB","journée · 8h-18h30 · Dijon",""))} -> J2 · 14h-22h · Beaune | F7: {=_xlfn.TEXTJOIN(" + ",TRUE,IF('Roulement V2'!K20="XB","J1 · 8h-16h · Beaune",""),IF('Roulement V2'!L20="XB","J1 · 8h-16h · Dijon",""),IF('Roulement V2'!K21="XB","J2 · 14h-22h · Beaune",""),IF('Roulement V2'!L21="XB","J2 · 14h-22h · Dijon",""),IF('Roulement V2'!K22="XB","journée · 8h-18h30 · Beaune",""),IF('Roulement V2'!L22="XB","journée · 8h-18h30 · Dijon",""),IF('Roulement V2'!K23="XB","journée · 8h-18h30 · Beaune",""),IF('Roulement V2'!L23="XB","journée · 8h-18h30 · Dijon",""),IF('Roulement V2'!K24="XB","J5 · 12h-20h · Beaune",""),IF('Roulement V2'!L24="XB","J5 · 12h-20h · Dijon",""),IF('Roulement V2'!K25="XB","préJ2/J6 · 8h-14h · Beaune",""),IF('Roulement V2'!L25="XB","préJ2/J6 · 8h-14h · Dijon",""),IF('Roulement V2'!K26="XB","journée · 8h-18h30 · Beaune",""),IF('Roulement V2'!L26="XB","journée · 8h-18h30 · Dijon",""),IF('Roulement V2'!K27="XB","journée · 8h-18h30 · Beaune",""),IF('Roulement V2'!L27="XB","journée · 8h-18h30 · Dijon",""))} | G7: {=_xlfn.TEXTJOIN(" + ",TRUE,IF('Roulement V2'!M20="XB","J1 · 8h-16h · Beaune",""),IF('Roulement V2'!N20="XB","J1 · 8h-16h · Dijon",""),IF('Roulement V2'!M21="XB","J2 · 14h-22h · Beaune",""),IF('Roulement V2'!N21="XB","J2 · 14h-22h · Dijon",""),IF('Roulement V2'!M22="XB","journée · 8h-18h30 · Beaune",""),IF('Roulement V2'!N22="XB","journée · 8h-18h30 · Dijon",""),IF('Roulement V2'!M23="XB","journée · 8h-18h30 · Beaune",""),IF('Roulement V2'!N23="XB","journée · 8h-18h30 · Dijon",""),IF('Roulement V2'!M24="XB","J5 · 12h-20h · Beaune",""),IF('Roulement V2'!N24="XB","J5 · 12h-20h · Dijon",""),IF('Roulement V2'!M25="XB","préJ2/J6 · 8h-14h · Beaune",""),IF('Roulement V2'!N25="XB","préJ2/J6 · 8h-14h · Dijon",""),IF('Roulement V2'!M26="XB","journée · 8h-18h30 · Beaune",""),IF('Roulement V2'!N26="XB","journée · 8h-18h30 · Dijon",""),IF('Roulement V2'!M27="XB","journée · 8h-18h30 · Beaune",""),IF('Roulement V2'!N27="XB","journée · 8h-18h30 · Dijon",""))} -> journée · 8h-18h30 · Beaune | H7: {=_xlfn.TEXTJOIN(" + ",TRUE,IF('Roulement V2'!O20="XB","J1 · 8h-16h · Beaune",""),IF('Roulement V2'!P20="XB","J1 · 8h-16h · Dijon",""),IF('Roulement V2'!O21="XB","J2 · 14h-22h · Beaune",""),IF('Roulement V2'!P21="XB","J2 · 14h-22h · Dijon",""),IF('Roulement V2'!O22="XB","journée · 8h-18h30 · Beaune",""),IF('Roulement V2'!P22="XB","journée · 8h-18h30 · Dijon",""),IF('Roulement V2'!O23="XB","journée · 8h-18h30 · Beaune",""),IF('Roulement V2'!P23="XB","journée · 8h-18h30 · Dijon",""),IF('Roulement V2'!O24="XB","J5 · 12h-20h · Beaune",""),IF('Roulement V2'!P24="XB","J5 · 12h-20h · Dijon",""),IF('Roulement V2'!O25="XB","préJ2/J6 · 8h-14h · Beaune",""),IF('Roulement V2'!P25="XB","préJ2/J6 · 8h-14h · Dijon",""),IF('Roulement V2'!O26="XB","journée · 8h-18h30 · Beaune",""),IF('Roulement V2'!P26="XB","journée · 8h-18h30 · Dijon",""),IF('Roulement V2'!O27="XB","journée · 8h-18h30 · Beaune",""),IF('Roulement V2'!P27="XB","journée · 8h-18h30 · Dijon",""))} | I7: {=_xlfn.TEXTJOIN(" + ",TRUE,IF('Roulement V2'!Q20="XB","J1 · 8h-16h · Beaune",""),IF('Roulement V2'!R20="XB","J1 · 8h-16h · Dijon",""),IF('Roulement V2'!Q21="XB","J2 · 14h-22h · Beaune",""),IF('Roulement V2'!R21="XB","J2 · 14h-22h · Dijon",""),IF('Roulement V2'!Q22="XB","journée · 8h-18h30 · Beaune",""),IF('Roulement V2'!R22="XB","journée · 8h-18h30 · Dijon",""),IF('Roulement V2'!Q23="XB","journée · 8h-18h30 · Beaune",""),IF('Roulement V2'!R23="XB","journée · 8h-18h30 · Dijon",""),IF('Roulement V2'!Q24="XB","J5 · 12h-20h · Beaune",""),IF('Roulement V2'!R24="XB","J5 · 12h-20h · Dijon",""),IF('Roulement V2'!Q25="XB","préJ2/J6 · 8h-14h · Beaune",""),IF('Roulement V2'!R25="XB","préJ2/J6 · 8h-14h · Dijon",""),IF('Roulement V2'!Q26="XB","journée · 8h-18h30 · Beaune",""),IF('Roulement V2'!R26="XB","journée · 8h-18h30 · Dijon",""),IF('Roulement V2'!Q27="XB","journée · 8h-18h30 · Beaune",""),IF('Roulement V2'!R27="XB","journée · 8h-18h30 · Dijon",""))} -> J2 · 14h-22h · Beaune
A8: Jeudi | B8: {=_xlfn.TEXTJOIN(" + ",TRUE,IF('Roulement V2'!C28="XB","J1 · 8h-16h · Beaune",""),IF('Roulement V2'!D28="XB","J1 · 8h-16h · Dijon",""),IF('Roulement V2'!C29="XB","J2 · 14h-22h · Beaune",""),IF('Roulement V2'!D29="XB","J2 · 14h-22h · Dijon",""),IF('Roulement V2'!C30="XB","journée · 8h-18h30 · Beaune",""),IF('Roulement V2'!D30="XB","journée · 8h-18h30 · Dijon",""),IF('Roulement V2'!C31="XB","journée · 8h-18h30 · Beaune",""),IF('Roulement V2'!D31="XB","journée · 8h-18h30 · Dijon",""),IF('Roulement V2'!C32="XB","J5 · 12h-20h · Beaune",""),IF('Roulement V2'!D32="XB","J5 · 12h-20h · Dijon",""),IF('Roulement V2'!C33="XB","préJ2/J6 · 8h-14h · Beaune",""),IF('Roulement V2'!D33="XB","préJ2/J6 · 8h-14h · Dijon",""),IF('Roulement V2'!C34="XB","journée · 8h-18h30 · Beaune",""),IF('Roulement V2'!D34="XB","journée · 8h-18h30 · Dijon",""),IF('Roulement V2'!C35="XB","journée · 8h-18h30 · Beaune",""),IF('Roulement V2'!D35="XB","journée · 8h-18h30 · Dijon",""))} -> J2 · 14h-22h · Dijon | C8: {=_xlfn.TEXTJOIN(" + ",TRUE,IF('Roulement V2'!E28="XB","J1 · 8h-16h · Beaune",""),IF('Roulement V2'!F28="XB","J1 · 8h-16h · Dijon",""),IF('Roulement V2'!E29="XB","J2 · 14h-22h · Beaune",""),IF('Roulement V2'!F29="XB","J2 · 14h-22h · Dijon",""),IF('Roulement V2'!E30="XB","journée · 8h-18h30 · Beaune",""),IF('Roulement V2'!F30="XB","journée · 8h-18h30 · Dijon",""),IF('Roulement V2'!E31="XB","journée · 8h-18h30 · Beaune",""),IF('Roulement V2'!F31="XB","journée · 8h-18h30 · Dijon",""),IF('Roulement V2'!E32="XB","J5 · 12h-20h · Beaune",""),IF('Roulement V2'!F32="XB","J5 · 12h-20h · Dijon",""),IF('Roulement V2'!E33="XB","préJ2/J6 · 8h-14h · Beaune",""),IF('Roulement V2'!F33="XB","préJ2/J6 · 8h-14h · Dijon",""),IF('Roulement V2'!E34="XB","journée · 8h-18h30 · Beaune",""),IF('Roulement V2'!F34="XB","journée · 8h-18h30 · Dijon",""),IF('Roulement V2'!E35="XB","journée · 8h-18h30 · Beaune",""),IF('Roulement V2'!F35="XB","journée · 8h-18h30 · Dijon",""))} -> journée · 8h-18h30 · Dijon | D8: {=_xlfn.TEXTJOIN(" + ",TRUE,IF('Roulement V2'!G28="XB","J1 · 8h-16h · Beaune",""),IF('Roulement V2'!H28="XB","J1 · 8h-16h · Dijon",""),IF('Roulement V2'!G29="XB","J2 · 14h-22h · Beaune",""),IF('Roulement V2'!H29="XB","J2 · 14h-22h · Dijon",""),IF('Roulement V2'!G30="XB","journée · 8h-18h30 · Beaune",""),IF('Roulement V2'!H30="XB","journée · 8h-18h30 · Dijon",""),IF('Roulement V2'!G31="XB","journée · 8h-18h30 · Beaune",""),IF('Roulement V2'!H31="XB","journée · 8h-18h30 · Dijon",""),IF('Roulement V2'!G32="XB","J5 · 12h-20h · Beaune",""),IF('Roulement V2'!H32="XB","J5 · 12h-20h · Dijon",""),IF('Roulement V2'!G33="XB","préJ2/J6 · 8h-14h · Beaune",""),IF('Roulement V2'!H33="XB","préJ2/J6 · 8h-14h · Dijon",""),IF('Roulement V2'!G34="XB","journée · 8h-18h30 · Beaune",""),IF('Roulement V2'!H34="XB","journée · 8h-18h30 · Dijon",""),IF('Roulement V2'!G35="XB","journée · 8h-18h30 · Beaune",""),IF('Roulement V2'!H35="XB","journée · 8h-18h30 · Dijon",""))} -> J2 · 14h-22h · Dijon | E8: {=_xlfn.TEXTJOIN(" + ",TRUE,IF('Roulement V2'!I28="XB","J1 · 8h-16h · Beaune",""),IF('Roulement V2'!J28="XB","J1 · 8h-16h · Dijon",""),IF('Roulement V2'!I29="XB","J2 · 14h-22h · Beaune",""),IF('Roulement V2'!J29="XB","J2 · 14h-22h · Dijon",""),IF('Roulement V2'!I30="XB","journée · 8h-18h30 · Beaune",""),IF('Roulement V2'!J30="XB","journée · 8h-18h30 · Dijon",""),IF('Roulement V2'!I31="XB","journée · 8h-18h30 · Beaune",""),IF('Roulement V2'!J31="XB","journée · 8h-18h30 · Dijon",""),IF('Roulement V2'!I32="XB","J5 · 12h-20h · Beaune",""),IF('Roulement V2'!J32="XB","J5 · 12h-20h · Dijon",""),IF('Roulement V2'!I33="XB","préJ2/J6 · 8h-14h · Beaune",""),IF('Roulement V2'!J33="XB","préJ2/J6 · 8h-14h · Dijon",""),IF('Roulement V2'!I34="XB","journée · 8h-18h30 · Beaune",""),IF('Roulement V2'!J34="XB","journée · 8h-18h30 · Dijon",""),IF('Roulement V2'!I35="XB","journée · 8h-18h30 · Beaune",""),IF('Roulement V2'!J35="XB","journée · 8h-18h30 · Dijon",""))} -> journée · 8h-18h30 · Beaune | F8: {=_xlfn.TEXTJOIN(" + ",TRUE,IF('Roulement V2'!K28="XB","J1 · 8h-16h · Beaune",""),IF('Roulement V2'!L28="XB","J1 · 8h-16h · Dijon",""),IF('Roulement V2'!K29="XB","J2 · 14h-22h · Beaune",""),IF('Roulement V2'!L29="XB","J2 · 14h-22h · Dijon",""),IF('Roulement V2'!K30="XB","journée · 8h-18h30 · Beaune",""),IF('Roulement V2'!L30="XB","journée · 8h-18h30 · Dijon",""),IF('Roulement V2'!K31="XB","journée · 8h-18h30 · Beaune",""),IF('Roulement V2'!L31="XB","journée · 8h-18h30 · Dijon",""),IF('Roulement V2'!K32="XB","J5 · 12h-20h · Beaune",""),IF('Roulement V2'!L32="XB","J5 · 12h-20h · Dijon",""),IF('Roulement V2'!K33="XB","préJ2/J6 · 8h-14h · Beaune",""),IF('Roulement V2'!L33="XB","préJ2/J6 · 8h-14h · Dijon",""),IF('Roulement V2'!K34="XB","journée · 8h-18h30 · Beaune",""),IF('Roulement V2'!L34="XB","journée · 8h-18h30 · Dijon",""),IF('Roulement V2'!K35="XB","journée · 8h-18h30 · Beaune",""),IF('Roulement V2'!L35="XB","journée · 8h-18h30 · Dijon",""))} -> J2 · 14h-22h · Beaune | G8: {=_xlfn.TEXTJOIN(" + ",TRUE,IF('Roulement V2'!M28="XB","J1 · 8h-16h · Beaune",""),IF('Roulement V2'!N28="XB","J1 · 8h-16h · Dijon",""),IF('Roulement V2'!M29="XB","J2 · 14h-22h · Beaune",""),IF('Roulement V2'!N29="XB","J2 · 14h-22h · Dijon",""),IF('Roulement V2'!M30="XB","journée · 8h-18h30 · Beaune",""),IF('Roulement V2'!N30="XB","journée · 8h-18h30 · Dijon",""),IF('Roulement V2'!M31="XB","journée · 8h-18h30 · Beaune",""),IF('Roulement V2'!N31="XB","journée · 8h-18h30 · Dijon",""),IF('Roulement V2'!M32="XB","J5 · 12h-20h · Beaune",""),IF('Roulement V2'!N32="XB","J5 · 12h-20h · Dijon",""),IF('Roulement V2'!M33="XB","préJ2/J6 · 8h-14h · Beaune",""),IF('Roulement V2'!N33="XB","préJ2/J6 · 8h-14h · Dijon",""),IF('Roulement V2'!M34="XB","journée · 8h-18h30 · Beaune",""),IF('Roulement V2'!N34="XB","journée · 8h-18h30 · Dijon",""),IF('Roulement V2'!M35="XB","journée · 8h-18h30 · Beaune",""),IF('Roulement V2'!N35="XB","journée · 8h-18h30 · Dijon",""))} -> journée · 8h-18h30 · Beaune | H8: {=_xlfn.TEXTJOIN(" + ",TRUE,IF('Roulement V2'!O28="XB","J1 · 8h-16h · Beaune",""),IF('Roulement V2'!P28="XB","J1 · 8h-16h · Dijon",""),IF('Roulement V2'!O29="XB","J2 · 14h-22h · Beaune",""),IF('Roulement V2'!P29="XB","J2 · 14h-22h · Dijon",""),IF('Roulement V2'!O30="XB","journée · 8h-18h30 · Beaune",""),IF('Roulement V2'!P30="XB","journée · 8h-18h30 · Dijon",""),IF('Roulement V2'!O31="XB","journée · 8h-18h30 · Beaune",""),IF('Roulement V2'!P31="XB","journée · 8h-18h30 · Dijon",""),IF('Roulement V2'!O32="XB","J5 · 12h-20h · Beaune",""),IF('Roulement V2'!P32="XB","J5 · 12h-20h · Dijon",""),IF('Roulement V2'!O33="XB","préJ2/J6 · 8h-14h · Beaune",""),IF('Roulement V2'!P33="XB","préJ2/J6 · 8h-14h · Dijon",""),IF('Roulement V2'!O34="XB","journée · 8h-18h30 · Beaune",""),IF('Roulement V2'!P34="XB","journée · 8h-18h30 · Dijon",""),IF('Roulement V2'!O35="XB","journée · 8h-18h30 · Beaune",""),IF('Roulement V2'!P35="XB","journée · 8h-18h30 · Dijon",""))} -> J2 · 14h-22h · Dijon | I8: {=_xlfn.TEXTJOIN(" + ",TRUE,IF('Roulement V2'!Q28="XB","J1 · 8h-16h · Beaune",""),IF('Roulement V2'!R28="XB","J1 · 8h-16h · Dijon",""),IF('Roulement V2'!Q29="XB","J2 · 14h-22h · Beaune",""),IF('Roulement V2'!R29="XB","J2 · 14h-22h · Dijon",""),IF('Roulement V2'!Q30="XB","journée · 8h-18h30 · Beaune",""),IF('Roulement V2'!R30="XB","journée · 8h-18h30 · Dijon",""),IF('Roulement V2'!Q31="XB","journée · 8h-18h30 · Beaune",""),IF('Roulement V2'!R31="XB","journée · 8h-18h30 · Dijon",""),IF('Roulement V2'!Q32="XB","J5 · 12h-20h · Beaune",""),IF('Roulement V2'!R32="XB","J5 · 12h-20h · Dijon",""),IF('Roulement V2'!Q33="XB","préJ2/J6 · 8h-14h · Beaune",""),IF('Roulement V2'!R33="XB","préJ2/J6 · 8h-14h · Dijon",""),IF('Roulement V2'!Q34="XB","journée · 8h-18h30 · Beaune",""),IF('Roulement V2'!R34="XB","journée · 8h-18h30 · Dijon",""),IF('Roulement V2'!Q35="XB","journée · 8h-18h30 · Beaune",""),IF('Roulement V2'!R35="XB","journée · 8h-18h30 · Dijon",""))} -> journée · 8h-18h30 · Beaune
A9: vendredi | B9: {=_xlfn.TEXTJOIN(" + ",TRUE,IF('Roulement V2'!C36="XB","J1 · 8h-16h · Beaune",""),IF('Roulement V2'!D36="XB","J1 · 8h-16h · Dijon",""),IF('Roulement V2'!C37="XB","J2 · 14h-22h · Beaune",""),IF('Roulement V2'!D37="XB","J2 · 14h-22h · Dijon",""),IF('Roulement V2'!C38="XB","journée · 8h-18h30 · Beaune",""),IF('Roulement V2'!D38="XB","journée · 8h-18h30 · Dijon",""),IF('Roulement V2'!C39="XB","journée · 8h-18h30 · Beaune",""),IF('Roulement V2'!D39="XB","journée · 8h-18h30 · Dijon",""),IF('Roulement V2'!C40="XB","J5 · 12h-20h · Beaune",""),IF('Roulement V2'!D40="XB","J5 · 12h-20h · Dijon",""),IF('Roulement V2'!C41="XB","préJ2/J6 · 8h-14h · Beaune",""),IF('Roulement V2'!D41="XB","préJ2/J6 · 8h-14h · Dijon",""),IF('Roulement V2'!C42="XB","journée · 8h-18h30 · Beaune",""),IF('Roulement V2'!D42="XB","journée · 8h-18h30 · Dijon",""),IF('Roulement V2'!C43="XB","journée · 8h-18h30 · Beaune",""),IF('Roulement V2'!D43="XB","journée · 8h-18h30 · Dijon",""))} -> J1 · 8h-16h · Beaune | C9: {=_xlfn.TEXTJOIN(" + ",TRUE,IF('Roulement V2'!E36="XB","J1 · 8h-16h · Beaune",""),IF('Roulement V2'!F36="XB","J1 · 8h-16h · Dijon",""),IF('Roulement V2'!E37="XB","J2 · 14h-22h · Beaune",""),IF('Roulement V2'!F37="XB","J2 · 14h-22h · Dijon",""),IF('Roulement V2'!E38="XB","journée · 8h-18h30 · Beaune",""),IF('Roulement V2'!F38="XB","journée · 8h-18h30 · Dijon",""),IF('Roulement V2'!E39="XB","journée · 8h-18h30 · Beaune",""),IF('Roulement V2'!F39="XB","journée · 8h-18h30 · Dijon",""),IF('Roulement V2'!E40="XB","J5 · 12h-20h · Beaune",""),IF('Roulement V2'!F40="XB","J5 · 12h-20h · Dijon",""),IF('Roulement V2'!E41="XB","préJ2/J6 · 8h-14h · Beaune",""),IF('Roulement V2'!F41="XB","préJ2/J6 · 8h-14h · Dijon",""),IF('Roulement V2'!E42="XB","journée · 8h-18h30 · Beaune",""),IF('Roulement V2'!F42="XB","journée · 8h-18h30 · Dijon",""),IF('Roulement V2'!E43="XB","journée · 8h-18h30 · Beaune",""),IF('Roulement V2'!F43="XB","journée · 8h-18h30 · Dijon",""))} -> J1 · 8h-16h · Beaune | D9: {=_xlfn.TEXTJOIN(" + ",TRUE,IF('Roulement V2'!G36="XB","J1 · 8h-16h · Beaune",""),IF('Roulement V2'!H36="XB","J1 · 8h-16h · Dijon",""),IF('Roulement V2'!G37="XB","J2 · 14h-22h · Beaune",""),IF('Roulement V2'!H37="XB","J2 · 14h-22h · Dijon",""),IF('Roulement V2'!G38="XB","journée · 8h-18h30 · Beaune",""),IF('Roulement V2'!H38="XB","journée · 8h-18h30 · Dijon",""),IF('Roulement V2'!G39="XB","journée · 8h-18h30 · Beaune",""),IF('Roulement V2'!H39="XB","journée · 8h-18h30 · Dijon",""),IF('Roulement V2'!G40="XB","J5 · 12h-20h · Beaune",""),IF('Roulement V2'!H40="XB","J5 · 12h-20h · Dijon",""),IF('Roulement V2'!G41="XB","préJ2/J6 · 8h-14h · Beaune",""),IF('Roulement V2'!H41="XB","préJ2/J6 · 8h-14h · Dijon",""),IF('Roulement V2'!G42="XB","journée · 8h-18h30 · Beaune",""),IF('Roulement V2'!H42="XB","journée · 8h-18h30 · Dijon",""),IF('Roulement V2'!G43="XB","journée · 8h-18h30 · Beaune",""),IF('Roulement V2'!H43="XB","journée · 8h-18h30 · Dijon",""))} | E9: {=_xlfn.TEXTJOIN(" + ",TRUE,IF('Roulement V2'!I36="XB","J1 · 8h-16h · Beaune",""),IF('Roulement V2'!J36="XB","J1 · 8h-16h · Dijon",""),IF('Roulement V2'!I37="XB","J2 · 14h-22h · Beaune",""),IF('Roulement V2'!J37="XB","J2 · 14h-22h · Dijon",""),IF('Roulement V2'!I38="XB","journée · 8h-18h30 · Beaune",""),IF('Roulement V2'!J38="XB","journée · 8h-18h30 · Dijon",""),IF('Roulement V2'!I39="XB","journée · 8h-18h30 · Beaune",""),IF('Roulement V2'!J39="XB","journée · 8h-18h30 · Dijon",""),IF('Roulement V2'!I40="XB","J5 · 12h-20h · Beaune",""),IF('Roulement V2'!J40="XB","J5 · 12h-20h · Dijon",""),IF('Roulement V2'!I41="XB","préJ2/J6 · 8h-14h · Beaune",""),IF('Roulement V2'!J41="XB","préJ2/J6 · 8h-14h · Dijon",""),IF('Roulement V2'!I42="XB","journée · 8h-18h30 · Beaune",""),IF('Roulement V2'!J42="XB","journée · 8h-18h30 · Dijon",""),IF('Roulement V2'!I43="XB","journée · 8h-18h30 · Beaune",""),IF('Roulement V2'!J43="XB","journée · 8h-18h30 · Dijon",""))} | F9: {=_xlfn.TEXTJOIN(" + ",TRUE,IF('Roulement V2'!K36="XB","J1 · 8h-16h · Beaune",""),IF('Roulement V2'!L36="XB","J1 · 8h-16h · Dijon",""),IF('Roulement V2'!K37="XB","J2 · 14h-22h · Beaune",""),IF('Roulement V2'!L37="XB","J2 · 14h-22h · Dijon",""),IF('Roulement V2'!K38="XB","journée · 8h-18h30 · Beaune",""),IF('Roulement V2'!L38="XB","journée · 8h-18h30 · Dijon",""),IF('Roulement V2'!K39="XB","journée · 8h-18h30 · Beaune",""),IF('Roulement V2'!L39="XB","journée · 8h-18h30 · Dijon",""),IF('Roulement V2'!K40="XB","J5 · 12h-20h · Beaune",""),IF('Roulement V2'!L40="XB","J5 · 12h-20h · Dijon",""),IF('Roulement V2'!K41="XB","préJ2/J6 · 8h-14h · Beaune",""),IF('Roulement V2'!L41="XB","préJ2/J6 · 8h-14h · Dijon",""),IF('Roulement V2'!K42="XB","journée · 8h-18h30 · Beaune",""),IF('Roulement V2'!L42="XB","journée · 8h-18h30 · Dijon",""),IF('Roulement V2'!K43="XB","journée · 8h-18h30 · Beaune",""),IF('Roulement V2'!L43="XB","journée · 8h-18h30 · Dijon",""))} -> J1 · 8h-16h · Beaune | G9: {=_xlfn.TEXTJOIN(" + ",TRUE,IF('Roulement V2'!M36="XB","J1 · 8h-16h · Beaune",""),IF('Roulement V2'!N36="XB","J1 · 8h-16h · Dijon",""),IF('Roulement V2'!M37="XB","J2 · 14h-22h · Beaune",""),IF('Roulement V2'!N37="XB","J2 · 14h-22h · Dijon",""),IF('Roulement V2'!M38="XB","journée · 8h-18h30 · Beaune",""),IF('Roulement V2'!N38="XB","journée · 8h-18h30 · Dijon",""),IF('Roulement V2'!M39="XB","journée · 8h-18h30 · Beaune",""),IF('Roulement V2'!N39="XB","journée · 8h-18h30 · Dijon",""),IF('Roulement V2'!M40="XB","J5 · 12h-20h · Beaune",""),IF('Roulement V2'!N40="XB","J5 · 12h-20h · Dijon",""),IF('Roulement V2'!M41="XB","préJ2/J6 · 8h-14h · Beaune",""),IF('Roulement V2'!N41="XB","préJ2/J6 · 8h-14h · Dijon",""),IF('Roulement V2'!M42="XB","journée · 8h-18h30 · Beaune",""),IF('Roulement V2'!N42="XB","journée · 8h-18h30 · Dijon",""),IF('Roulement V2'!M43="XB","journée · 8h-18h30 · Beaune",""),IF('Roulement V2'!N43="XB","journée · 8h-18h30 · Dijon",""))} -> journée · 8h-18h30 · Dijon | H9: {=_xlfn.TEXTJOIN(" + ",TRUE,IF('Roulement V2'!O36="XB","J1 · 8h-16h · Beaune",""),IF('Roulement V2'!P36="XB","J1 · 8h-16h · Dijon",""),IF('Roulement V2'!O37="XB","J2 · 14h-22h · Beaune",""),IF('Roulement V2'!P37="XB","J2 · 14h-22h · Dijon",""),IF('Roulement V2'!O38="XB","journée · 8h-18h30 · Beaune",""),IF('Roulement V2'!P38="XB","journée · 8h-18h30 · Dijon",""),IF('Roulement V2'!O39="XB","journée · 8h-18h30 · Beaune",""),IF('Roulement V2'!P39="XB","journée · 8h-18h30 · Dijon",""),IF('Roulement V2'!O40="XB","J5 · 12h-20h · Beaune",""),IF('Roulement V2'!P40="XB","J5 · 12h-20h · Dijon",""),IF('Roulement V2'!O41="XB","préJ2/J6 · 8h-14h · Beaune",""),IF('Roulement V2'!P41="XB","préJ2/J6 · 8h-14h · Dijon",""),IF('Roulement V2'!O42="XB","journée · 8h-18h30 · Beaune",""),IF('Roulement V2'!P42="XB","journée · 8h-18h30 · Dijon",""),IF('Roulement V2'!O43="XB","journée · 8h-18h30 · Beaune",""),IF('Roulement V2'!P43="XB","journée · 8h-18h30 · Dijon",""))} | I9: {=_xlfn.TEXTJOIN(" + ",TRUE,IF('Roulement V2'!Q36="XB","J1 · 8h-16h · Beaune",""),IF('Roulement V2'!R36="XB","J1 · 8h-16h · Dijon",""),IF('Roulement V2'!Q37="XB","J2 · 14h-22h · Beaune",""),IF('Roulement V2'!R37="XB","J2 · 14h-22h · Dijon",""),IF('Roulement V2'!Q38="XB","journée · 8h-18h30 · Beaune",""),IF('Roulement V2'!R38="XB","journée · 8h-18h30 · Dijon",""),IF('Roulement V2'!Q39="XB","journée · 8h-18h30 · Beaune",""),IF('Roulement V2'!R39="XB","journée · 8h-18h30 · Dijon",""),IF('Roulement V2'!Q40="XB","J5 · 12h-20h · Beaune",""),IF('Roulement V2'!R40="XB","J5 · 12h-20h · Dijon",""),IF('Roulement V2'!Q41="XB","préJ2/J6 · 8h-14h · Beaune",""),IF('Roulement V2'!R41="XB","préJ2/J6 · 8h-14h · Dijon",""),IF('Roulement V2'!Q42="XB","journée · 8h-18h30 · Beaune",""),IF('Roulement V2'!R42="XB","journée · 8h-18h30 · Dijon",""),IF('Roulement V2'!Q43="XB","journée · 8h-18h30 · Beaune",""),IF('Roulement V2'!R43="XB","journée · 8h-18h30 · Dijon",""))}
A10: Samedi | B10: {=_xlfn.TEXTJOIN(" + ",TRUE,IF('Roulement V2'!C44="XB","Garde · Beaune",""),IF('Roulement V2'!D44="XB","Garde · Dijon",""),IF('Roulement V2'!C45="XB","Doublon · Beaune",""),IF('Roulement V2'!D45="XB","Doublon · Dijon",""))} | C10: {=_xlfn.TEXTJOIN(" + ",TRUE,IF('Roulement V2'!E44="XB","Garde · Beaune",""),IF('Roulement V2'!F44="XB","Garde · Dijon",""),IF('Roulement V2'!E45="XB","Doublon · Beaune",""),IF('Roulement V2'!F45="XB","Doublon · Dijon",""))} | D10: {=_xlfn.TEXTJOIN(" + ",TRUE,IF('Roulement V2'!G44="XB","Garde · Beaune",""),IF('Roulement V2'!H44="XB","Garde · Dijon",""),IF('Roulement V2'!G45="XB","Doublon · Beaune",""),IF('Roulement V2'!H45="XB","Doublon · Dijon",""))} -> Garde · Beaune | E10: {=_xlfn.TEXTJOIN(" + ",TRUE,IF('Roulement V2'!I44="XB","Garde · Beaune",""),IF('Roulement V2'!J44="XB","Garde · Dijon",""),IF('Roulement V2'!I45="XB","Doublon · Beaune",""),IF('Roulement V2'!J45="XB","Doublon · Dijon",""))} | F10: {=_xlfn.TEXTJOIN(" + ",TRUE,IF('Roulement V2'!K44="XB","Garde · Beaune",""),IF('Roulement V2'!L44="XB","Garde · Dijon",""),IF('Roulement V2'!K45="XB","Doublon · Beaune",""),IF('Roulement V2'!L45="XB","Doublon · Dijon",""))} | G10: {=_xlfn.TEXTJOIN(" + ",TRUE,IF('Roulement V2'!M44="XB","Garde · Beaune",""),IF('Roulement V2'!N44="XB","Garde · Dijon",""),IF('Roulement V2'!M45="XB","Doublon · Beaune",""),IF('Roulement V2'!N45="XB","Doublon · Dijon",""))} | H10: {=_xlfn.TEXTJOIN(" + ",TRUE,IF('Roulement V2'!O44="XB","Garde · Beaune",""),IF('Roulement V2'!P44="XB","Garde · Dijon",""),IF('Roulement V2'!O45="XB","Doublon · Beaune",""),IF('Roulement V2'!P45="XB","Doublon · Dijon",""))} -> Garde · Dijon | I10: {=_xlfn.TEXTJOIN(" + ",TRUE,IF('Roulement V2'!Q44="XB","Garde · Beaune",""),IF('Roulement V2'!R44="XB","Garde · Dijon",""),IF('Roulement V2'!Q45="XB","Doublon · Beaune",""),IF('Roulement V2'!R45="XB","Doublon · Dijon",""))}
A11: Dimanche | B11: {=_xlfn.TEXTJOIN(" + ",TRUE,IF('Roulement V2'!C46="XB","Garde · Beaune",""),IF('Roulement V2'!D46="XB","Garde · Dijon",""),IF('Roulement V2'!C47="XB","Doublon · Beaune",""),IF('Roulement V2'!D47="XB","Doublon · Dijon",""))} | C11: {=_xlfn.TEXTJOIN(" + ",TRUE,IF('Roulement V2'!E46="XB","Garde · Beaune",""),IF('Roulement V2'!F46="XB","Garde · Dijon",""),IF('Roulement V2'!E47="XB","Doublon · Beaune",""),IF('Roulement V2'!F47="XB","Doublon · Dijon",""))} | D11: {=_xlfn.TEXTJOIN(" + ",TRUE,IF('Roulement V2'!G46="XB","Garde · Beaune",""),IF('Roulement V2'!H46="XB","Garde · Dijon",""),IF('Roulement V2'!G47="XB","Doublon · Beaune",""),IF('Roulement V2'!H47="XB","Doublon · Dijon",""))} -> Garde · Beaune | E11: {=_xlfn.TEXTJOIN(" + ",TRUE,IF('Roulement V2'!I46="XB","Garde · Beaune",""),IF('Roulement V2'!J46="XB","Garde · Dijon",""),IF('Roulement V2'!I47="XB","Doublon · Beaune",""),IF('Roulement V2'!J47="XB","Doublon · Dijon",""))} | F11: {=_xlfn.TEXTJOIN(" + ",TRUE,IF('Roulement V2'!K46="XB","Garde · Beaune",""),IF('Roulement V2'!L46="XB","Garde · Dijon",""),IF('Roulement V2'!K47="XB","Doublon · Beaune",""),IF('Roulement V2'!L47="XB","Doublon · Dijon",""))} | G11: {=_xlfn.TEXTJOIN(" + ",TRUE,IF('Roulement V2'!M46="XB","Garde · Beaune",""),IF('Roulement V2'!N46="XB","Garde · Dijon",""),IF('Roulement V2'!M47="XB","Doublon · Beaune",""),IF('Roulement V2'!N47="XB","Doublon · Dijon",""))} | H11: {=_xlfn.TEXTJOIN(" + ",TRUE,IF('Roulement V2'!O46="XB","Garde · Beaune",""),IF('Roulement V2'!P46="XB","Garde · Dijon",""),IF('Roulement V2'!O47="XB","Doublon · Beaune",""),IF('Roulement V2'!P47="XB","Doublon · Dijon",""))} -> Garde · Dijon | I11: {=_xlfn.TEXTJOIN(" + ",TRUE,IF('Roulement V2'!Q46="XB","Garde · Beaune",""),IF('Roulement V2'!R46="XB","Garde · Dijon",""),IF('Roulement V2'!Q47="XB","Doublon · Beaune",""),IF('Roulement V2'!R47="XB","Doublon · Dijon",""))}
A14: Récapitulatif — sur 8 semaines (mise à jour automatique)
A15: J1 · 8h-16h | B15: {=COUNTIF(B5:I9,"*J1 · 8h-16h*")} -> 6 | D15: Beaune | E15: {=COUNTIF(B5:I9,"*Beaune*")} -> 15
A16: J2 · 14h-22h | B16: {=COUNTIF(B5:I9,"*J2 · 14h-22h*")} -> 8 | D16: Dijon | E16: {=COUNTIF(B5:I9,"*Dijon*")} -> 11
A17: Journée · 8h-18h30 | B17: {=COUNTIF(B5:I9,"*journée · 8h-18h30*")} -> 12
A18: Total semaine | B18: {=COUNTIF(B5:I9,"?*")} -> 26 | D18: Gardes WE | E18: {=COUNTIF(B10:I11,"*Garde*")} -> 4
D19: Doublons WE | E19: {=COUNTIF(B10:I11,"*Doublon*")} -> 0

Sheet Thomas Etienne
A1: Planning V2 — Thomas Etienne (TE)
A2: Roulement sur 8 semaines · lié à la feuille "Roulement V2" (mise à jour automatique)
A4: Jour | B4: S1 | C4: S2 | D4: S3 | E4: S4 | F4: S5 | G4: S6 | H4: S7 | I4: S8
A5: Lundi | B5: {=_xlfn.TEXTJOIN(" + ",TRUE,IF('Roulement V2'!C4="TE","J1 · 8h-16h · Beaune",""),IF('Roulement V2'!D4="TE","J1 · 8h-16h · Dijon",""),IF('Roulement V2'!C5="TE","J2 · 14h-22h · Beaune",""),IF('Roulement V2'!D5="TE","J2 · 14h-22h · Dijon",""),IF('Roulement V2'!C6="TE","journée · 8h-18h30 · Beaune",""),IF('Roulement V2'!D6="TE","journée · 8h-18h30 · Dijon",""),IF('Roulement V2'!C7="TE","journée · 8h-18h30 · Beaune",""),IF('Roulement V2'!D7="TE","journée · 8h-18h30 · Dijon",""),IF('Roulement V2'!C8="TE","J5 · 12h-20h · Beaune",""),IF('Roulement V2'!D8="TE","J5 · 12h-20h · Dijon",""),IF('Roulement V2'!C9="TE","préJ2/J6 · 8h-14h · Beaune",""),IF('Roulement V2'!D9="TE","préJ2/J6 · 8h-14h · Dijon",""),IF('Roulement V2'!C10="TE","journée · 8h-18h30 · Beaune",""),IF('Roulement V2'!D10="TE","journée · 8h-18h30 · Dijon",""),IF('Roulement V2'!C11="TE","journée · 8h-18h30 · Beaune",""),IF('Roulement V2'!D11="TE","journée · 8h-18h30 · Dijon",""))} -> J2 · 14h-22h · Dijon | C5: {=_xlfn.TEXTJOIN(" + ",TRUE,IF('Roulement V2'!E4="TE","J1 · 8h-16h · Beaune",""),IF('Roulement V2'!F4="TE","J1 · 8h-16h · Dijon",""),IF('Roulement V2'!E5="TE","J2 · 14h-22h · Beaune",""),IF('Roulement V2'!F5="TE","J2 · 14h-22h · Dijon",""),IF('Roulement V2'!E6="TE","journée · 8h-18h30 · Beaune",""),IF('Roulement V2'!F6="TE","journée · 8h-18h30 · Dijon",""),IF('Roulement V2'!E7="TE","journée · 8h-18h30 · Beaune",""),IF('Roulement V2'!F7="TE","journée · 8h-18h30 · Dijon",""),IF('Roulement V2'!E8="TE","J5 · 12h-20h · Beaune",""),IF('Roulement V2'!F8="TE","J5 · 12h-20h · Dijon",""),IF('Roulement V2'!E9="TE","préJ2/J6 · 8h-14h · Beaune",""),IF('Roulement V2'!F9="TE","préJ2/J6 · 8h-14h · Dijon",""),IF('Roulement V2'!E10="TE","journée · 8h-18h30 · Beaune",""),IF('Roulement V2'!F10="TE","journée · 8h-18h30 · Dijon",""),IF('Roulement V2'!E11="TE","journée · 8h-18h30 · Beaune",""),IF('Roulement V2'!F11="TE","journée · 8h-18h30 · Dijon",""))} -> J1 · 8h-16h · Beaune | D5: {=_xlfn.TEXTJOIN(" + ",TRUE,IF('Roulement V2'!G4="TE","J1 · 8h-16h · Beaune",""),IF('Roulement V2'!H4="TE","J1 · 8h-16h · Dijon",""),IF('Roulement V2'!G5="TE","J2 · 14h-22h · Beaune",""),IF('Roulement V2'!H5="TE","J2 · 14h-22h · Dijon",""),IF('Roulement V2'!G6="TE","journée · 8h-18h30 · Beaune",""),IF('Roulement V2'!H6="TE","journée · 8h-18h30 · Dijon",""),IF('Roulement V2'!G7="TE","journée · 8h-18h30 · Beaune",""),IF('Roulement V2'!H7="TE","journée · 8h-18h30 · Dijon",""),IF('Roulement V2'!G8="TE","J5 · 12h-20h · Beaune",""),IF('Roulement V2'!H8="TE","J5 · 12h-20h · Dijon",""),IF('Roulement V2'!G9="TE","préJ2/J6 · 8h-14h · Beaune",""),IF('Roulement V2'!H9="TE","préJ2/J6 · 8h-14h · Dijon",""),IF('Roulement V2'!G10="TE","journée · 8h-18h30 · Beaune",""),IF('Roulement V2'!H10="TE","journée · 8h-18h30 · Dijon",""),IF('Roulement V2'!G11="TE","journée · 8h-18h30 · Beaune",""),IF('Roulement V2'!H11="TE","journée · 8h-18h30 · Dijon",""))} -> journée · 8h-18h30 · Dijon | E5: {=_xlfn.TEXTJOIN(" + ",TRUE,IF('Roulement V2'!I4="TE","J1 · 8h-16h · Beaune",""),IF('Roulement V2'!J4="TE","J1 · 8h-16h · Dijon",""),IF('Roulement V2'!I5="TE","J2 · 14h-22h · Beaune",""),IF('Roulement V2'!J5="TE","J2 · 14h-22h · Dijon",""),IF('Roulement V2'!I6="TE","journée · 8h-18h30 · Beaune",""),IF('Roulement V2'!J6="TE","journée · 8h-18h30 · Dijon",""),IF('Roulement V2'!I7="TE","journée · 8h-18h30 · Beaune",""),IF('Roulement V2'!J7="TE","journée · 8h-18h30 · Dijon",""),IF('Roulement V2'!I8="TE","J5 · 12h-20h · Beaune",""),IF('Roulement V2'!J8="TE","J5 · 12h-20h · Dijon",""),IF('Roulement V2'!I9="TE","préJ2/J6 · 8h-14h · Beaune",""),IF('Roulement V2'!J9="TE","préJ2/J6 · 8h-14h · Dijon",""),IF('Roulement V2'!I10="TE","journée · 8h-18h30 · Beaune",""),IF('Roulement V2'!J10="TE","journée · 8h-18h30 · Dijon",""),IF('Roulement V2'!I11="TE","journée · 8h-18h30 · Beaune",""),IF('Roulement V2'!J11="TE","journée · 8h-18h30 · Dijon",""))} | F5: {=_xlfn.TEXTJOIN(" + ",TRUE,IF('Roulement V2'!K4="TE","J1 · 8h-16h · Beaune",""),IF('Roulement V2'!L4="TE","J1 · 8h-16h · Dijon",""),IF('Roulement V2'!K5="TE","J2 · 14h-22h · Beaune",""),IF('Roulement V2'!L5="TE","J2 · 14h-22h · Dijon",""),IF('Roulement V2'!K6="TE","journée · 8h-18h30 · Beaune",""),IF('Roulement V2'!L6="TE","journée · 8h-18h30 · Dijon",""),IF('Roulement V2'!K7="TE","journée · 8h-18h30 · Beaune",""),IF('Roulement V2'!L7="TE","journée · 8h-18h30 · Dijon",""),IF('Roulement V2'!K8="TE","J5 · 12h-20h · Beaune",""),IF('Roulement V2'!L8="TE","J5 · 12h-20h · Dijon",""),IF('Roulement V2'!K9="TE","préJ2/J6 · 8h-14h · Beaune",""),IF('Roulement V2'!L9="TE","préJ2/J6 · 8h-14h · Dijon",""),IF('Roulement V2'!K10="TE","journée · 8h-18h30 · Beaune",""),IF('Roulement V2'!L10="TE","journée · 8h-18h30 · Dijon",""),IF('Roulement V2'!K11="TE","journée · 8h-18h30 · Beaune",""),IF('Roulement V2'!L11="TE","journée · 8h-18h30 · Dijon",""))} -> journée · 8h-18h30 · Dijon | G5: {=_xlfn.TEXTJOIN(" + ",TRUE,IF('Roulement V2'!M4="TE","J1 · 8h-16h · Beaune",""),IF('Roulement V2'!N4="TE","J1 · 8h-16h · Dijon",""),IF('Roulement V2'!M5="TE","J2 · 14h-22h · Beaune",""),IF('Roulement V2'!N5="TE","J2 · 14h-22h · Dijon",""),IF('Roulement V2'!M6="TE","journée · 8h-18h30 · Beaune",""),IF('Roulement V2'!N6="TE","journée · 8h-18h30 · Dijon",""),IF('Roulement V2'!M7="TE","journée · 8h-18h30 · Beaune",""),IF('Roulement V2'!N7="TE","journée · 8h-18h30 · Dijon",""),IF('Roulement V2'!M8="TE","J5 · 12h-20h · Beaune",""),IF('Roulement V2'!N8="TE","J5 · 12h-20h · Dijon",""),IF('Roulement V2'!M9="TE","préJ2/J6 · 8h-14h · Beaune",""),IF('Roulement V2'!N9="TE","préJ2/J6 · 8h-14h · Dijon",""),IF('Roulement V2'!M10="TE","journée · 8h-18h30 · Beaune",""),IF('Roulement V2'!N10="TE","journée · 8h-18h30 · Dijon",""),IF('Roulement V2'!M11="TE","journée · 8h-18h30 · Beaune",""),IF('Roulement V2'!N11="TE","journée · 8h-18h30 · Dijon",""))} -> journée · 8h-18h30 · Dijon | H5: {=_xlfn.TEXTJOIN(" + ",TRUE,IF('Roulement V2'!O4="TE","J1 · 8h-16h · Beaune",""),IF('Roulement V2'!P4="TE","J1 · 8h-16h · Dijon",""),IF('Roulement V2'!O5="TE","J2 · 14h-22h · Beaune",""),IF('Roulement V2'!P5="TE","J2 · 14h-22h · Dijon",""),IF('Roulement V2'!O6="TE","journée · 8h-18h30 · Beaune",""),IF('Roulement V2'!P6="TE","journée · 8h-18h30 · Dijon",""),IF('Roulement V2'!O7="TE","journée · 8h-18h30 · Beaune",""),IF('Roulement V2'!P7="TE","journée · 8h-18h30 · Dijon",""),IF('Roulement V2'!O8="TE","J5 · 12h-20h · Beaune",""),IF('Roulement V2'!P8="TE","J5 · 12h-20h · Dijon",""),IF('Roulement V2'!O9="TE","préJ2/J6 · 8h-14h · Beaune",""),IF('Roulement V2'!P9="TE","préJ2/J6 · 8h-14h · Dijon",""),IF('Roulement V2'!O10="TE","journée · 8h-18h30 · Beaune",""),IF('Roulement V2'!P10="TE","journée · 8h-18h30 · Dijon",""),IF('Roulement V2'!O11="TE","journée · 8h-18h30 · Beaune",""),IF('Roulement V2'!P11="TE","journée · 8h-18h30 · Dijon",""))} -> journée · 8h-18h30 · Beaune | I5: {=_xlfn.TEXTJOIN(" + ",TRUE,IF('Roulement V2'!Q4="TE","J1 · 8h-16h · Beaune",""),IF('Roulement V2'!R4="TE","J1 · 8h-16h · Dijon",""),IF('Roulement V2'!Q5="TE","J2 · 14h-22h · Beaune",""),IF('Roulement V2'!R5="TE","J2 · 14h-22h · Dijon",""),IF('Roulement V2'!Q6="TE","journée · 8h-18h30 · Beaune",""),IF('Roulement V2'!R6="TE","journée · 8h-18h30 · Dijon",""),IF('Roulement V2'!Q7="TE","journée · 8h-18h30 · Beaune",""),IF('Roulement V2'!R7="TE","journée · 8h-18h30 · Dijon",""),IF('Roulement V2'!Q8="TE","J5 · 12h-20h · Beaune",""),IF('Roulement V2'!R8="TE","J5 · 12h-20h · Dijon",""),IF('Roulement V2'!Q9="TE","préJ2/J6 · 8h-14h · Beaune",""),IF('Roulement V2'!R9="TE","préJ2/J6 · 8h-14h · Dijon",""),IF('Roulement V2'!Q10="TE","journée · 8h-18h30 · Beaune",""),IF('Roulement V2'!R10="TE","journée · 8h-18h30 · Dijon",""),IF('Roulement V2'!Q11="TE","journée · 8h-18h30 · Beaune",""),IF('Roulement V2'!R11="TE","journée · 8h-18h30 · Dijon",""))}
A6: Mardi | B6: {=_xlfn.TEXTJOIN(" + ",TRUE,IF('Roulement V2'!C12="TE","J1 · 8h-16h · Beaune",""),IF('Roulement V2'!D12="TE","J1 · 8h-16h · Dijon",""),IF('Roulement V2'!C13="TE","J2 · 14h-22h · Beaune",""),IF('Roulement V2'!D13="TE","J2 · 14h-22h · Dijon",""),IF('Roulement V2'!C14="TE","journée · 8h-18h30 · Beaune",""),IF('Roulement V2'!D14="TE","journée · 8h-18h30 · Dijon",""),IF('Roulement V2'!C15="TE","journée · 8h-18h30 · Beaune",""),IF('Roulement V2'!D15="TE","journée · 8h-18h30 · Dijon",""),IF('Roulement V2'!C16="TE","J5 · 12h-20h · Beaune",""),IF('Roulement V2'!D16="TE","J5 · 12h-20h · Dijon",""),IF('Roulement V2'!C17="TE","préJ2/J6 · 8h-14h · Beaune",""),IF('Roulement V2'!D17="TE","préJ2/J6 · 8h-14h · Dijon",""),IF('Roulement V2'!C18="TE","journée · 8h-18h30 · Beaune",""),IF('Roulement V2'!D18="TE","journée · 8h-18h30 · Dijon",""),IF('Roulement V2'!C19="TE","journée · 8h-18h30 · Beaune",""),IF('Roulement V2'!D19="TE","journée · 8h-18h30 · Dijon",""))} | C6: {=_xlfn.TEXTJOIN(" + ",TRUE,IF('Roulement V2'!E12="TE","J1 · 8h-16h · Beaune",""),IF('Roulement V2'!F12="TE","J1 · 8h-16h · Dijon",""),IF('Roulement V2'!E13="TE","J2 · 14h-22h · Beaune",""),IF('Roulement V2'!F13="TE","J2 · 14h-22h · Dijon",""),IF('Roulement V2'!E14="TE","journée · 8h-18h30 · Beaune",""),IF('Roulement V2'!F14="TE","journée · 8h-18h30 · Dijon",""),IF('Roulement V2'!E15="TE","journée · 8h-18h30 · Beaune",""),IF('Roulement V2'!F15="TE","journée · 8h-18h30 · Dijon",""),IF('Roulement V2'!E16="TE","J5 · 12h-20h · Beaune",""),IF('Roulement V2'!F16="TE","J5 · 12h-20h · Dijon",""),IF('Roulement V2'!E17="TE","préJ2/J6 · 8h-14h · Beaune",""),IF('Roulement V2'!F17="TE","préJ2/J6 · 8h-14h · Dijon",""),IF('Roulement V2'!E18="TE","journée · 8h-18h30 · Beaune",""),IF('Roulement V2'!F18="TE","journée · 8h-18h30 · Dijon",""),IF('Roulement V2'!E19="TE","journée · 8h-18h30 · Beaune",""),IF('Roulement V2'!F19="TE","journée · 8h-18h30 · Dijon",""))} -> J2 · 14h-22h · Beaune | D6: {=_xlfn.TEXTJOIN(" + ",TRUE,IF('Roulement V2'!G12="TE","J1 · 8h-16h · Beaune",""),IF('Roulement V2'!H12="TE","J1 · 8h-16h · Dijon",""),IF('Roulement V2'!G13="TE","J2 · 14h-22h · Beaune",""),IF('Roulement V2'!H13="TE","J2 · 14h-22h · Dijon",""),IF('Roulement V2'!G14="TE","journée · 8h-18h30 · Beaune",""),IF('Roulement V2'!H14="TE","journée · 8h-18h30 · Dijon",""),IF('Roulement V2'!G15="TE","journée · 8h-18h30 · Beaune",""),IF('Roulement V2'!H15="TE","journée · 8h-18h30 · Dijon",""),IF('Roulement V2'!G16="TE","J5 · 12h-20h · Beaune",""),IF('Roulement V2'!H16="TE","J5 · 12h-20h · Dijon",""),IF('Roulement V2'!G17="TE","préJ2/J6 · 8h-14h · Beaune",""),IF('Roulement V2'!H17="TE","préJ2/J6 · 8h-14h · Dijon",""),IF('Roulement V2'!G18="TE","journée · 8h-18h30 · Beaune",""),IF('Roulement V2'!H18="TE","journée · 8h-18h30 · Dijon",""),IF('Roulement V2'!G19="TE","journée · 8h-18h30 · Beaune",""),IF('Roulement V2'!H19="TE","journée · 8h-18h30 · Dijon",""))} -> journée · 8h-18h30 · Dijon | E6: {=_xlfn.TEXTJOIN(" + ",TRUE,IF('Roulement V2'!I12="TE","J1 · 8h-16h · Beaune",""),IF('Roulement V2'!J12="TE","J1 · 8h-16h · Dijon",""),IF('Roulement V2'!I13="TE","J2 · 14h-22h · Beaune",""),IF('Roulement V2'!J13="TE","J2 · 14h-22h · Dijon",""),IF('Roulement V2'!I14="TE","journée · 8h-18h30 · Beaune",""),IF('Roulement V2'!J14="TE","journée · 8h-18h30 · Dijon",""),IF('Roulement V2'!I15="TE","journée · 8h-18h30 · Beaune",""),IF('Roulement V2'!J15="TE","journée · 8h-18h30 · Dijon",""),IF('Roulement V2'!I16="TE","J5 · 12h-20h · Beaune",""),IF('Roulement V2'!J16="TE","J5 · 12h-20h · Dijon",""),IF('Roulement V2'!I17="TE","préJ2/J6 · 8h-14h · Beaune",""),IF('Roulement V2'!J17="TE","préJ2/J6 · 8h-14h · Dijon",""),IF('Roulement V2'!I18="TE","journée · 8h-18h30 · Beaune",""),IF('Roulement V2'!J18="TE","journée · 8h-18h30 · Dijon",""),IF('Roulement V2'!I19="TE","journée · 8h-18h30 · Beaune",""),IF('Roulement V2'!J19="TE","journée · 8h-18h30 · Dijon",""))} | F6: {=_xlfn.TEXTJOIN(" + ",TRUE,IF('Roulement V2'!K12="TE","J1 · 8h-16h · Beaune",""),IF('Roulement V2'!L12="TE","J1 · 8h-16h · Dijon",""),IF('Roulement V2'!K13="TE","J2 · 14h-22h · Beaune",""),IF('Roulement V2'!L13="TE","J2 · 14h-22h · Dijon",""),IF('Roulement V2'!K14="TE","journée · 8h-18h30 · Beaune",""),IF('Roulement V2'!L14="TE","journée · 8h-18h30 · Dijon",""),IF('Roulement V2'!K15="TE","journée · 8h-18h30 · Beaune",""),IF('Roulement V2'!L15="TE","journée · 8h-18h30 · Dijon",""),IF('Roulement V2'!K16="TE","J5 · 12h-20h · Beaune",""),IF('Roulement V2'!L16="TE","J5 · 12h-20h · Dijon",""),IF('Roulement V2'!K17="TE","préJ2/J6 · 8h-14h · Beaune",""),IF('Roulement V2'!L17="TE","préJ2/J6 · 8h-14h · Dijon",""),IF('Roulement V2'!K18="TE","journée · 8h-18h30 · Beaune",""),IF('Roulement V2'!L18="TE","journée · 8h-18h30 · Dijon",""),IF('Roulement V2'!K19="TE","journée · 8h-18h30 · Beaune",""),IF('Roulement V2'!L19="TE","journée · 8h-18h30 · Dijon",""))} | G6: {=_xlfn.TEXTJOIN(" + ",TRUE,IF('Roulement V2'!M12="TE","J1 · 8h-16h · Beaune",""),IF('Roulement V2'!N12="TE","J1 · 8h-16h · Dijon",""),IF('Roulement V2'!M13="TE","J2 · 14h-22h · Beaune",""),IF('Roulement V2'!N13="TE","J2 · 14h-22h · Dijon",""),IF('Roulement V2'!M14="TE","journée · 8h-18h30 · Beaune",""),IF('Roulement V2'!N14="TE","journée · 8h-18h30 · Dijon",""),IF('Roulement V2'!M15="TE","journée · 8h-18h30 · Beaune",""),IF('Roulement V2'!N15="TE","journée · 8h-18h30 · Dijon",""),IF('Roulement V2'!M16="TE","J5 · 12h-20h · Beaune",""),IF('Roulement V2'!N16="TE","J5 · 12h-20h · Dijon",""),IF('Roulement V2'!M17="TE","préJ2/J6 · 8h-14h · Beaune",""),IF('Roulement V2'!N17="TE","préJ2/J6 · 8h-14h · Dijon",""),IF('Roulement V2'!M18="TE","journée · 8h-18h30 · Beaune",""),IF('Roulement V2'!N18="TE","journée · 8h-18h30 · Dijon",""),IF('Roulement V2'!M19="TE","journée · 8h-18h30 · Beaune",""),IF('Roulement V2'!N19="TE","journée · 8h-18h30 · Dijon",""))} -> J2 · 14h-22h · Beaune | H6: {=_xlfn.TEXTJOIN(" + ",TRUE,IF('Roulement V2'!O12="TE","J1 · 8h-16h · Beaune",""),IF('Roulement V2'!P12="TE","J1 · 8h-16h · Dijon",""),IF('Roulement V2'!O13="TE","J2 · 14h-22h · Beaune",""),IF('Roulement V2'!P13="TE","J2 · 14h-22h · Dijon",""),IF('Roulement V2'!O14="TE","journée · 8h-18h30 · Beaune",""),IF('Roulement V2'!P14="TE","journée · 8h-18h30 · Dijon",""),IF('Roulement V2'!O15="TE","journée · 8h-18h30 · Beaune",""),IF('Roulement V2'!P15="TE","journée · 8h-18h30 · Dijon",""),IF('Roulement V2'!O16="TE","J5 · 12h-20h · Beaune",""),IF('Roulement V2'!P16="TE","J5 · 12h-20h · Dijon",""),IF('Roulement V2'!O17="TE","préJ2/J6 · 8h-14h · Beaune",""),IF('Roulement V2'!P17="TE","préJ2/J6 · 8h-14h · Dijon",""),IF('Roulement V2'!O18="TE","journée · 8h-18h30 · Beaune",""),IF('Roulement V2'!P18="TE","journée · 8h-18h30 · Dijon",""),IF('Roulement V2'!O19="TE","journée · 8h-18h30 · Beaune",""),IF('Roulement V2'!P19="TE","journée · 8h-18h30 · Dijon",""))} -> J1 · 8h-16h · Beaune | I6: {=_xlfn.TEXTJOIN(" + ",TRUE,IF('Roulement V2'!Q12="TE","J1 · 8h-16h · Beaune",""),IF('Roulement V2'!R12="TE","J1 · 8h-16h · Dijon",""),IF('Roulement V2'!Q13="TE","J2 · 14h-22h · Beaune",""),IF('Roulement V2'!R13="TE","J2 · 14h-22h · Dijon",""),IF('Roulement V2'!Q14="TE","journée · 8h-18h30 · Beaune",""),IF('Roulement V2'!R14="TE","journée · 8h-18h30 · Dijon",""),IF('Roulement V2'!Q15="TE","journée · 8h-18h30 · Beaune",""),IF('Roulement V2'!R15="TE","journée · 8h-18h30 · Dijon",""),IF('Roulement V2'!Q16="TE","J5 · 12h-20h · Beaune",""),IF('Roulement V2'!R16="TE","J5 · 12h-20h · Dijon",""),IF('Roulement V2'!Q17="TE","préJ2/J6 · 8h-14h · Beaune",""),IF('Roulement V2'!R17="TE","préJ2/J6 · 8h-14h · Dijon",""),IF('Roulement V2'!Q18="TE","journée · 8h-18h30 · Beaune",""),IF('Roulement V2'!R18="TE","journée · 8h-18h30 · Dijon",""),IF('Roulement V2'!Q19="TE","journée · 8h-18h30 · Beaune",""),IF('Roulement V2'!R19="TE","journée · 8h-18h30 · Dijon",""))}
A7: Mercredi | B7: {=_xlfn.TEXTJOIN(" + ",TRUE,IF('Roulement V2'!C20="TE","J1 · 8h-16h · Beaune",""),IF('Roulement V2'!D20="TE","J1 · 8h-16h · Dijon",""),IF('Roulement V2'!C21="TE","J2 · 14h-22h · Beaune",""),IF('Roulement V2'!D21="TE","J2 · 14h-22h · Dijon",""),IF('Roulement V2'!C22="TE","journée · 8h-18h30 · Beaune",""),IF('Roulement V2'!D22="TE","journée · 8h-18h30 · Dijon",""),IF('Roulement V2'!C23="TE","journée · 8h-18h30 · Beaune",""),IF('Roulement V2'!D23="TE","journée · 8h-18h30 · Dijon",""),IF('Roulement V2'!C24="TE","J5 · 12h-20h · Beaune",""),IF('Roulement V2'!D24="TE","J5 · 12h-20h · Dijon",""),IF('Roulement V2'!C25="TE","préJ2/J6 · 8h-14h · Beaune",""),IF('Roulement V2'!D25="TE","préJ2/J6 · 8h-14h · Dijon",""),IF('Roulement V2'!C26="TE","journée · 8h-18h30 · Beaune",""),IF('Roulement V2'!D26="TE","journée · 8h-18h30 · Dijon",""),IF('Roulement V2'!C27="TE","journée · 8h-18h30 · Beaune",""),IF('Roulement V2'!D27="TE","journée · 8h-18h30 · Dijon",""))} -> J2 · 14h-22h · Beaune | C7: {=_xlfn.TEXTJOIN(" + ",TRUE,IF('Roulement V2'!E20="TE","J1 · 8h-16h · Beaune",""),IF('Roulement V2'!F20="TE","J1 · 8h-16h · Dijon",""),IF('Roulement V2'!E21="TE","J2 · 14h-22h · Beaune",""),IF('Roulement V2'!F21="TE","J2 · 14h-22h · Dijon",""),IF('Roulement V2'!E22="TE","journée · 8h-18h30 · Beaune",""),IF('Roulement V2'!F22="TE","journée · 8h-18h30 · Dijon",""),IF('Roulement V2'!E23="TE","journée · 8h-18h30 · Beaune",""),IF('Roulement V2'!F23="TE","journée · 8h-18h30 · Dijon",""),IF('Roulement V2'!E24="TE","J5 · 12h-20h · Beaune",""),IF('Roulement V2'!F24="TE","J5 · 12h-20h · Dijon",""),IF('Roulement V2'!E25="TE","préJ2/J6 · 8h-14h · Beaune",""),IF('Roulement V2'!F25="TE","préJ2/J6 · 8h-14h · Dijon",""),IF('Roulement V2'!E26="TE","journée · 8h-18h30 · Beaune",""),IF('Roulement V2'!F26="TE","journée · 8h-18h30 · Dijon",""),IF('Roulement V2'!E27="TE","journée · 8h-18h30 · Beaune",""),IF('Roulement V2'!F27="TE","journée · 8h-18h30 · Dijon",""))} -> J1 · 8h-16h · Beaune | D7: {=_xlfn.TEXTJOIN(" + ",TRUE,IF('Roulement V2'!G20="TE","J1 · 8h-16h · Beaune",""),IF('Roulement V2'!H20="TE","J1 · 8h-16h · Dijon",""),IF('Roulement V2'!G21="TE","J2 · 14h-22h · Beaune",""),IF('Roulement V2'!H21="TE","J2 · 14h-22h · Dijon",""),IF('Roulement V2'!G22="TE","journée · 8h-18h30 · Beaune",""),IF('Roulement V2'!H22="TE","journée · 8h-18h30 · Dijon",""),IF('Roulement V2'!G23="TE","journée · 8h-18h30 · Beaune",""),IF('Roulement V2'!H23="TE","journée · 8h-18h30 · Dijon",""),IF('Roulement V2'!G24="TE","J5 · 12h-20h · Beaune",""),IF('Roulement V2'!H24="TE","J5 · 12h-20h · Dijon",""),IF('Roulement V2'!G25="TE","préJ2/J6 · 8h-14h · Beaune",""),IF('Roulement V2'!H25="TE","préJ2/J6 · 8h-14h · Dijon",""),IF('Roulement V2'!G26="TE","journée · 8h-18h30 · Beaune",""),IF('Roulement V2'!H26="TE","journée · 8h-18h30 · Dijon",""),IF('Roulement V2'!G27="TE","journée · 8h-18h30 · Beaune",""),IF('Roulement V2'!H27="TE","journée · 8h-18h30 · Dijon",""))} -> J1 · 8h-16h · Beaune | E7: {=_xlfn.TEXTJOIN(" + ",TRUE,IF('Roulement V2'!I20="TE","J1 · 8h-16h · Beaune",""),IF('Roulement V2'!J20="TE","J1 · 8h-16h · Dijon",""),IF('Roulement V2'!I21="TE","J2 · 14h-22h · Beaune",""),IF('Roulement V2'!J21="TE","J2 · 14h-22h · Dijon",""),IF('Roulement V2'!I22="TE","journée · 8h-18h30 · Beaune",""),IF('Roulement V2'!J22="TE","journée · 8h-18h30 · Dijon",""),IF('Roulement V2'!I23="TE","journée · 8h-18h30 · Beaune",""),IF('Roulement V2'!J23="TE","journée · 8h-18h30 · Dijon",""),IF('Roulement V2'!I24="TE","J5 · 12h-20h · Beaune",""),IF('Roulement V2'!J24="TE","J5 · 12h-20h · Dijon",""),IF('Roulement V2'!I25="TE","préJ2/J6 · 8h-14h · Beaune",""),IF('Roulement V2'!J25="TE","préJ2/J6 · 8h-14h · Dijon",""),IF('Roulement V2'!I26="TE","journée · 8h-18h30 · Beaune",""),IF('Roulement V2'!J26="TE","journée · 8h-18h30 · Dijon",""),IF('Roulement V2'!I27="TE","journée · 8h-18h30 · Beaune",""),IF('Roulement V2'!J27="TE","journée · 8h-18h30 · Dijon",""))} | F7: {=_xlfn.TEXTJOIN(" + ",TRUE,IF('Roulement V2'!K20="TE","J1 · 8h-16h · Beaune",""),IF('Roulement V2'!L20="TE","J1 · 8h-16h · Dijon",""),IF('Roulement V2'!K21="TE","J2 · 14h-22h · Beaune",""),IF('Roulement V2'!L21="TE","J2 · 14h-22h · Dijon",""),IF('Roulement V2'!K22="TE","journée · 8h-18h30 · Beaune",""),IF('Roulement V2'!L22="TE","journée · 8h-18h30 · Dijon",""),IF('Roulement V2'!K23="TE","journée · 8h-18h30 · Beaune",""),IF('Roulement V2'!L23="TE","journée · 8h-18h30 · Dijon",""),IF('Roulement V2'!K24="TE","J5 · 12h-20h · Beaune",""),IF('Roulement V2'!L24="TE","J5 · 12h-20h · Dijon",""),IF('Roulement V2'!K25="TE","préJ2/J6 · 8h-14h · Beaune",""),IF('Roulement V2'!L25="TE","préJ2/J6 · 8h-14h · Dijon",""),IF('Roulement V2'!K26="TE","journée · 8h-18h30 · Beaune",""),IF('Roulement V2'!L26="TE","journée · 8h-18h30 · Dijon",""),IF('Roulement V2'!K27="TE","journée · 8h-18h30 · Beaune",""),IF('Roulement V2'!L27="TE","journée · 8h-18h30 · Dijon",""))} -> journée · 8h-18h30 · Beaune | G7: {=_xlfn.TEXTJOIN(" + ",TRUE,IF('Roulement V2'!M20="TE","J1 · 8h-16h · Beaune",""),IF('Roulement V2'!N20="TE","J1 · 8h-16h · Dijon",""),IF('Roulement V2'!M21="TE","J2 · 14h-22h · Beaune",""),IF('Roulement V2'!N21="TE","J2 · 14h-22h · Dijon",""),IF('Roulement V2'!M22="TE","journée · 8h-18h30 · Beaune",""),IF('Roulement V2'!N22="TE","journée · 8h-18h30 · Dijon",""),IF('Roulement V2'!M23="TE","journée · 8h-18h30 · Beaune",""),IF('Roulement V2'!N23="TE","journée · 8h-18h30 · Dijon",""),IF('Roulement V2'!M24="TE","J5 · 12h-20h · Beaune",""),IF('Roulement V2'!N24="TE","J5 · 12h-20h · Dijon",""),IF('Roulement V2'!M25="TE","préJ2/J6 · 8h-14h · Beaune",""),IF('Roulement V2'!N25="TE","préJ2/J6 · 8h-14h · Dijon",""),IF('Roulement V2'!M26="TE","journée · 8h-18h30 · Beaune",""),IF('Roulement V2'!N26="TE","journée · 8h-18h30 · Dijon",""),IF('Roulement V2'!M27="TE","journée · 8h-18h30 · Beaune",""),IF('Roulement V2'!N27="TE","journée · 8h-18h30 · Dijon",""))} -> J1 · 8h-16h · Beaune | H7: {=_xlfn.TEXTJOIN(" + ",TRUE,IF('Roulement V2'!O20="TE","J1 · 8h-16h · Beaune",""),IF('Roulement V2'!P20="TE","J1 · 8h-16h · Dijon",""),IF('Roulement V2'!O21="TE","J2 · 14h-22h · Beaune",""),IF('Roulement V2'!P21="TE","J2 · 14h-22h · Dijon",""),IF('Roulement V2'!O22="TE","journée · 8h-18h30 · Beaune",""),IF('Roulement V2'!P22="TE","journée · 8h-18h30 · Dijon",""),IF('Roulement V2'!O23="TE","journée · 8h-18h30 · Beaune",""),IF('Roulement V2'!P23="TE","journée · 8h-18h30 · Dijon",""),IF('Roulement V2'!O24="TE","J5 · 12h-20h · Beaune",""),IF('Roulement V2'!P24="TE","J5 · 12h-20h · Dijon",""),IF('Roulement V2'!O25="TE","préJ2/J6 · 8h-14h · Beaune",""),IF('Roulement V2'!P25="TE","préJ2/J6 · 8h-14h · Dijon",""),IF('Roulement V2'!O26="TE","journée · 8h-18h30 · Beaune",""),IF('Roulement V2'!P26="TE","journée · 8h-18h30 · Dijon",""),IF('Roulement V2'!O27="TE","journée · 8h-18h30 · Beaune",""),IF('Roulement V2'!P27="TE","journée · 8h-18h30 · Dijon",""))} -> journée · 8h-18h30 · Dijon | I7: {=_xlfn.TEXTJOIN(" + ",TRUE,IF('Roulement V2'!Q20="TE","J1 · 8h-16h · Beaune",""),IF('Roulement V2'!R20="TE","J1 · 8h-16h · Dijon",""),IF('Roulement V2'!Q21="TE","J2 · 14h-22h · Beaune",""),IF('Roulement V2'!R21="TE","J2 · 14h-22h · Dijon",""),IF('Roulement V2'!Q22="TE","journée · 8h-18h30 · Beaune",""),IF('Roulement V2'!R22="TE","journée · 8h-18h30 · Dijon",""),IF('Roulement V2'!Q23="TE","journée · 8h-18h30 · Beaune",""),IF('Roulement V2'!R23="TE","journée · 8h-18h30 · Dijon",""),IF('Roulement V2'!Q24="TE","J5 · 12h-20h · Beaune",""),IF('Roulement V2'!R24="TE","J5 · 12h-20h · Dijon",""),IF('Roulement V2'!Q25="TE","préJ2/J6 · 8h-14h · Beaune",""),IF('Roulement V2'!R25="TE","préJ2/J6 · 8h-14h · Dijon",""),IF('Roulement V2'!Q26="TE","journée · 8h-18h30 · Beaune",""),IF('Roulement V2'!R26="TE","journée · 8h-18h30 · Dijon",""),IF('Roulement V2'!Q27="TE","journée · 8h-18h30 · Beaune",""),IF('Roulement V2'!R27="TE","journée · 8h-18h30 · Dijon",""))}
A8: Jeudi | B8: {=_xlfn.TEXTJOIN(" + ",TRUE,IF('Roulement V2'!C28="TE","J1 · 8h-16h · Beaune",""),IF('Roulement V2'!D28="TE","J1 · 8h-16h · Dijon",""),IF('Roulement V2'!C29="TE","J2 · 14h-22h · Beaune",""),IF('Roulement V2'!D29="TE","J2 · 14h-22h · Dijon",""),IF('Roulement V2'!C30="TE","journée · 8h-18h30 · Beaune",""),IF('Roulement V2'!D30="TE","journée · 8h-18h30 · Dijon",""),IF('Roulement V2'!C31="TE","journée · 8h-18h30 · Beaune",""),IF('Roulement V2'!D31="TE","journée · 8h-18h30 · Dijon",""),IF('Roulement V2'!C32="TE","J5 · 12h-20h · Beaune",""),IF('Roulement V2'!D32="TE","J5 · 12h-20h · Dijon",""),IF('Roulement V2'!C33="TE","préJ2/J6 · 8h-14h · Beaune",""),IF('Roulement V2'!D33="TE","préJ2/J6 · 8h-14h · Dijon",""),IF('Roulement V2'!C34="TE","journée · 8h-18h30 · Beaune",""),IF('Roulement V2'!D34="TE","journée · 8h-18h30 · Dijon",""),IF('Roulement V2'!C35="TE","journée · 8h-18h30 · Beaune",""),IF('Roulement V2'!D35="TE","journée · 8h-18h30 · Dijon",""))} -> J1 · 8h-16h · Beaune | C8: {=_xlfn.TEXTJOIN(" + ",TRUE,IF('Roulement V2'!E28="TE","J1 · 8h-16h · Beaune",""),IF('Roulement V2'!F28="TE","J1 · 8h-16h · Dijon",""),IF('Roulement V2'!E29="TE","J2 · 14h-22h · Beaune",""),IF('Roulement V2'!F29="TE","J2 · 14h-22h · Dijon",""),IF('Roulement V2'!E30="TE","journée · 8h-18h30 · Beaune",""),IF('Roulement V2'!F30="TE","journée · 8h-18h30 · Dijon",""),IF('Roulement V2'!E31="TE","journée · 8h-18h30 · Beaune",""),IF('Roulement V2'!F31="TE","journée · 8h-18h30 · Dijon",""),IF('Roulement V2'!E32="TE","J5 · 12h-20h · Beaune",""),IF('Roulement V2'!F32="TE","J5 · 12h-20h · Dijon",""),IF('Roulement V2'!E33="TE","préJ2/J6 · 8h-14h · Beaune",""),IF('Roulement V2'!F33="TE","préJ2/J6 · 8h-14h · Dijon",""),IF('Roulement V2'!E34="TE","journée · 8h-18h30 · Beaune",""),IF('Roulement V2'!F34="TE","journée · 8h-18h30 · Dijon",""),IF('Roulement V2'!E35="TE","journée · 8h-18h30 · Beaune",""),IF('Roulement V2'!F35="TE","journée · 8h-18h30 · Dijon",""))} -> J2 · 14h-22h · Dijon | D8: {=_xlfn.TEXTJOIN(" + ",TRUE,IF('Roulement V2'!G28="TE","J1 · 8h-16h · Beaune",""),IF('Roulement V2'!H28="TE","J1 · 8h-16h · Dijon",""),IF('Roulement V2'!G29="TE","J2 · 14h-22h · Beaune",""),IF('Roulement V2'!H29="TE","J2 · 14h-22h · Dijon",""),IF('Roulement V2'!G30="TE","journée · 8h-18h30 · Beaune",""),IF('Roulement V2'!H30="TE","journée · 8h-18h30 · Dijon",""),IF('Roulement V2'!G31="TE","journée · 8h-18h30 · Beaune",""),IF('Roulement V2'!H31="TE","journée · 8h-18h30 · Dijon",""),IF('Roulement V2'!G32="TE","J5 · 12h-20h · Beaune",""),IF('Roulement V2'!H32="TE","J5 · 12h-20h · Dijon",""),IF('Roulement V2'!G33="TE","préJ2/J6 · 8h-14h · Beaune",""),IF('Roulement V2'!H33="TE","préJ2/J6 · 8h-14h · Dijon",""),IF('Roulement V2'!G34="TE","journée · 8h-18h30 · Beaune",""),IF('Roulement V2'!H34="TE","journée · 8h-18h30 · Dijon",""),IF('Roulement V2'!G35="TE","journée · 8h-18h30 · Beaune",""),IF('Roulement V2'!H35="TE","journée · 8h-18h30 · Dijon",""))} -> journée · 8h-18h30 · Dijon | E8: {=_xlfn.TEXTJOIN(" + ",TRUE,IF('Roulement V2'!I28="TE","J1 · 8h-16h · Beaune",""),IF('Roulement V2'!J28="TE","J1 · 8h-16h · Dijon",""),IF('Roulement V2'!I29="TE","J2 · 14h-22h · Beaune",""),IF('Roulement V2'!J29="TE","J2 · 14h-22h · Dijon",""),IF('Roulement V2'!I30="TE","journée · 8h-18h30 · Beaune",""),IF('Roulement V2'!J30="TE","journée · 8h-18h30 · Dijon",""),IF('Roulement V2'!I31="TE","journée · 8h-18h30 · Beaune",""),IF('Roulement V2'!J31="TE","journée · 8h-18h30 · Dijon",""),IF('Roulement V2'!I32="TE","J5 · 12h-20h · Beaune",""),IF('Roulement V2'!J32="TE","J5 · 12h-20h · Dijon",""),IF('Roulement V2'!I33="TE","préJ2/J6 · 8h-14h · Beaune",""),IF('Roulement V2'!J33="TE","préJ2/J6 · 8h-14h · Dijon",""),IF('Roulement V2'!I34="TE","journée · 8h-18h30 · Beaune",""),IF('Roulement V2'!J34="TE","journée · 8h-18h30 · Dijon",""),IF('Roulement V2'!I35="TE","journée · 8h-18h30 · Beaune",""),IF('Roulement V2'!J35="TE","journée · 8h-18h30 · Dijon",""))} -> J2 · 14h-22h · Dijon | F8: {=_xlfn.TEXTJOIN(" + ",TRUE,IF('Roulement V2'!K28="TE","J1 · 8h-16h · Beaune",""),IF('Roulement V2'!L28="TE","J1 · 8h-16h · Dijon",""),IF('Roulement V2'!K29="TE","J2 · 14h-22h · Beaune",""),IF('Roulement V2'!L29="TE","J2 · 14h-22h · Dijon",""),IF('Roulement V2'!K30="TE","journée · 8h-18h30 · Beaune",""),IF('Roulement V2'!L30="TE","journée · 8h-18h30 · Dijon",""),IF('Roulement V2'!K31="TE","journée · 8h-18h30 · Beaune",""),IF('Roulement V2'!L31="TE","journée · 8h-18h30 · Dijon",""),IF('Roulement V2'!K32="TE","J5 · 12h-20h · Beaune",""),IF('Roulement V2'!L32="TE","J5 · 12h-20h · Dijon",""),IF('Roulement V2'!K33="TE","préJ2/J6 · 8h-14h · Beaune",""),IF('Roulement V2'!L33="TE","préJ2/J6 · 8h-14h · Dijon",""),IF('Roulement V2'!K34="TE","journée · 8h-18h30 · Beaune",""),IF('Roulement V2'!L34="TE","journée · 8h-18h30 · Dijon",""),IF('Roulement V2'!K35="TE","journée · 8h-18h30 · Beaune",""),IF('Roulement V2'!L35="TE","journée · 8h-18h30 · Dijon",""))} -> journée · 8h-18h30 · Beaune | G8: {=_xlfn.TEXTJOIN(" + ",TRUE,IF('Roulement V2'!M28="TE","J1 · 8h-16h · Beaune",""),IF('Roulement V2'!N28="TE","J1 · 8h-16h · Dijon",""),IF('Roulement V2'!M29="TE","J2 · 14h-22h · Beaune",""),IF('Roulement V2'!N29="TE","J2 · 14h-22h · Dijon",""),IF('Roulement V2'!M30="TE","journée · 8h-18h30 · Beaune",""),IF('Roulement V2'!N30="TE","journée · 8h-18h30 · Dijon",""),IF('Roulement V2'!M31="TE","journée · 8h-18h30 · Beaune",""),IF('Roulement V2'!N31="TE","journée · 8h-18h30 · Dijon",""),IF('Roulement V2'!M32="TE","J5 · 12h-20h · Beaune",""),IF('Roulement V2'!N32="TE","J5 · 12h-20h · Dijon",""),IF('Roulement V2'!M33="TE","préJ2/J6 · 8h-14h · Beaune",""),IF('Roulement V2'!N33="TE","préJ2/J6 · 8h-14h · Dijon",""),IF('Roulement V2'!M34="TE","journée · 8h-18h30 · Beaune",""),IF('Roulement V2'!N34="TE","journée · 8h-18h30 · Dijon",""),IF('Roulement V2'!M35="TE","journée · 8h-18h30 · Beaune",""),IF('Roulement V2'!N35="TE","journée · 8h-18h30 · Dijon",""))} -> journée · 8h-18h30 · Dijon | H8: {=_xlfn.TEXTJOIN(" + ",TRUE,IF('Roulement V2'!O28="TE","J1 · 8h-16h · Beaune",""),IF('Roulement V2'!P28="TE","J1 · 8h-16h · Dijon",""),IF('Roulement V2'!O29="TE","J2 · 14h-22h · Beaune",""),IF('Roulement V2'!P29="TE","J2 · 14h-22h · Dijon",""),IF('Roulement V2'!O30="TE","journée · 8h-18h30 · Beaune",""),IF('Roulement V2'!P30="TE","journée · 8h-18h30 · Dijon",""),IF('Roulement V2'!O31="TE","journée · 8h-18h30 · Beaune",""),IF('Roulement V2'!P31="TE","journée · 8h-18h30 · Dijon",""),IF('Roulement V2'!O32="TE","J5 · 12h-20h · Beaune",""),IF('Roulement V2'!P32="TE","J5 · 12h-20h · Dijon",""),IF('Roulement V2'!O33="TE","préJ2/J6 · 8h-14h · Beaune",""),IF('Roulement V2'!P33="TE","préJ2/J6 · 8h-14h · Dijon",""),IF('Roulement V2'!O34="TE","journée · 8h-18h30 · Beaune",""),IF('Roulement V2'!P34="TE","journée · 8h-18h30 · Dijon",""),IF('Roulement V2'!O35="TE","journée · 8h-18h30 · Beaune",""),IF('Roulement V2'!P35="TE","journée · 8h-18h30 · Dijon",""))} -> journée · 8h-18h30 · Beaune | I8: {=_xlfn.TEXTJOIN(" + ",TRUE,IF('Roulement V2'!Q28="TE","J1 · 8h-16h · Beaune",""),IF('Roulement V2'!R28="TE","J1 · 8h-16h · Dijon",""),IF('Roulement V2'!Q29="TE","J2 · 14h-22h · Beaune",""),IF('Roulement V2'!R29="TE","J2 · 14h-22h · Dijon",""),IF('Roulement V2'!Q30="TE","journée · 8h-18h30 · Beaune",""),IF('Roulement V2'!R30="TE","journée · 8h-18h30 · Dijon",""),IF('Roulement V2'!Q31="TE","journée · 8h-18h30 · Beaune",""),IF('Roulement V2'!R31="TE","journée · 8h-18h30 · Dijon",""),IF('Roulement V2'!Q32="TE","J5 · 12h-20h · Beaune",""),IF('Roulement V2'!R32="TE","J5 · 12h-20h · Dijon",""),IF('Roulement V2'!Q33="TE","préJ2/J6 · 8h-14h · Beaune",""),IF('Roulement V2'!R33="TE","préJ2/J6 · 8h-14h · Dijon",""),IF('Roulement V2'!Q34="TE","journée · 8h-18h30 · Beaune",""),IF('Roulement V2'!R34="TE","journée · 8h-18h30 · Dijon",""),IF('Roulement V2'!Q35="TE","journée · 8h-18h30 · Beaune",""),IF('Roulement V2'!R35="TE","journée · 8h-18h30 · Dijon",""))} -> J2 · 14h-22h · Dijon
A9: vendredi | B9: {=_xlfn.TEXTJOIN(" + ",TRUE,IF('Roulement V2'!C36="TE","J1 · 8h-16h · Beaune",""),IF('Roulement V2'!D36="TE","J1 · 8h-16h · Dijon",""),IF('Roulement V2'!C37="TE","J2 · 14h-22h · Beaune",""),IF('Roulement V2'!D37="TE","J2 · 14h-22h · Dijon",""),IF('Roulement V2'!C38="TE","journée · 8h-18h30 · Beaune",""),IF('Roulement V2'!D38="TE","journée · 8h-18h30 · Dijon",""),IF('Roulement V2'!C39="TE","journée · 8h-18h30 · Beaune",""),IF('Roulement V2'!D39="TE","journée · 8h-18h30 · Dijon",""),IF('Roulement V2'!C40="TE","J5 · 12h-20h · Beaune",""),IF('Roulement V2'!D40="TE","J5 · 12h-20h · Dijon",""),IF('Roulement V2'!C41="TE","préJ2/J6 · 8h-14h · Beaune",""),IF('Roulement V2'!D41="TE","préJ2/J6 · 8h-14h · Dijon",""),IF('Roulement V2'!C42="TE","journée · 8h-18h30 · Beaune",""),IF('Roulement V2'!D42="TE","journée · 8h-18h30 · Dijon",""),IF('Roulement V2'!C43="TE","journée · 8h-18h30 · Beaune",""),IF('Roulement V2'!D43="TE","journée · 8h-18h30 · Dijon",""))} | C9: {=_xlfn.TEXTJOIN(" + ",TRUE,IF('Roulement V2'!E36="TE","J1 · 8h-16h · Beaune",""),IF('Roulement V2'!F36="TE","J1 · 8h-16h · Dijon",""),IF('Roulement V2'!E37="TE","J2 · 14h-22h · Beaune",""),IF('Roulement V2'!F37="TE","J2 · 14h-22h · Dijon",""),IF('Roulement V2'!E38="TE","journée · 8h-18h30 · Beaune",""),IF('Roulement V2'!F38="TE","journée · 8h-18h30 · Dijon",""),IF('Roulement V2'!E39="TE","journée · 8h-18h30 · Beaune",""),IF('Roulement V2'!F39="TE","journée · 8h-18h30 · Dijon",""),IF('Roulement V2'!E40="TE","J5 · 12h-20h · Beaune",""),IF('Roulement V2'!F40="TE","J5 · 12h-20h · Dijon",""),IF('Roulement V2'!E41="TE","préJ2/J6 · 8h-14h · Beaune",""),IF('Roulement V2'!F41="TE","préJ2/J6 · 8h-14h · Dijon",""),IF('Roulement V2'!E42="TE","journée · 8h-18h30 · Beaune",""),IF('Roulement V2'!F42="TE","journée · 8h-18h30 · Dijon",""),IF('Roulement V2'!E43="TE","journée · 8h-18h30 · Beaune",""),IF('Roulement V2'!F43="TE","journée · 8h-18h30 · Dijon",""))} | D9: {=_xlfn.TEXTJOIN(" + ",TRUE,IF('Roulement V2'!G36="TE","J1 · 8h-16h · Beaune",""),IF('Roulement V2'!H36="TE","J1 · 8h-16h · Dijon",""),IF('Roulement V2'!G37="TE","J2 · 14h-22h · Beaune",""),IF('Roulement V2'!H37="TE","J2 · 14h-22h · Dijon",""),IF('Roulement V2'!G38="TE","journée · 8h-18h30 · Beaune",""),IF('Roulement V2'!H38="TE","journée · 8h-18h30 · Dijon",""),IF('Roulement V2'!G39="TE","journée · 8h-18h30 · Beaune",""),IF('Roulement V2'!H39="TE","journée · 8h-18h30 · Dijon",""),IF('Roulement V2'!G40="TE","J5 · 12h-20h · Beaune",""),IF('Roulement V2'!H40="TE","J5 · 12h-20h · Dijon",""),IF('Roulement V2'!G41="TE","préJ2/J6 · 8h-14h · Beaune",""),IF('Roulement V2'!H41="TE","préJ2/J6 · 8h-14h · Dijon",""),IF('Roulement V2'!G42="TE","journée · 8h-18h30 · Beaune",""),IF('Roulement V2'!H42="TE","journée · 8h-18h30 · Dijon",""),IF('Roulement V2'!G43="TE","journée · 8h-18h30 · Beaune",""),IF('Roulement V2'!H43="TE","journée · 8h-18h30 · Dijon",""))} | E9: {=_xlfn.TEXTJOIN(" + ",TRUE,IF('Roulement V2'!I36="TE","J1 · 8h-16h · Beaune",""),IF('Roulement V2'!J36="TE","J1 · 8h-16h · Dijon",""),IF('Roulement V2'!I37="TE","J2 · 14h-22h · Beaune",""),IF('Roulement V2'!J37="TE","J2 · 14h-22h · Dijon",""),IF('Roulement V2'!I38="TE","journée · 8h-18h30 · Beaune",""),IF('Roulement V2'!J38="TE","journée · 8h-18h30 · Dijon",""),IF('Roulement V2'!I39="TE","journée · 8h-18h30 · Beaune",""),IF('Roulement V2'!J39="TE","journée · 8h-18h30 · Dijon",""),IF('Roulement V2'!I40="TE","J5 · 12h-20h · Beaune",""),IF('Roulement V2'!J40="TE","J5 · 12h-20h · Dijon",""),IF('Roulement V2'!I41="TE","préJ2/J6 · 8h-14h · Beaune",""),IF('Roulement V2'!J41="TE","préJ2/J6 · 8h-14h · Dijon",""),IF('Roulement V2'!I42="TE","journée · 8h-18h30 · Beaune",""),IF('Roulement V2'!J42="TE","journée · 8h-18h30 · Dijon",""),IF('Roulement V2'!I43="TE","journée · 8h-18h30 · Beaune",""),IF('Roulement V2'!J43="TE","journée · 8h-18h30 · Dijon",""))} -> J2 · 14h-22h · Beaune | F9: {=_xlfn.TEXTJOIN(" + ",TRUE,IF('Roulement V2'!K36="TE","J1 · 8h-16h · Beaune",""),IF('Roulement V2'!L36="TE","J1 · 8h-16h · Dijon",""),IF('Roulement V2'!K37="TE","J2 · 14h-22h · Beaune",""),IF('Roulement V2'!L37="TE","J2 · 14h-22h · Dijon",""),IF('Roulement V2'!K38="TE","journée · 8h-18h30 · Beaune",""),IF('Roulement V2'!L38="TE","journée · 8h-18h30 · Dijon",""),IF('Roulement V2'!K39="TE","journée · 8h-18h30 · Beaune",""),IF('Roulement V2'!L39="TE","journée · 8h-18h30 · Dijon",""),IF('Roulement V2'!K40="TE","J5 · 12h-20h · Beaune",""),IF('Roulement V2'!L40="TE","J5 · 12h-20h · Dijon",""),IF('Roulement V2'!K41="TE","préJ2/J6 · 8h-14h · Beaune",""),IF('Roulement V2'!L41="TE","préJ2/J6 · 8h-14h · Dijon",""),IF('Roulement V2'!K42="TE","journée · 8h-18h30 · Beaune",""),IF('Roulement V2'!L42="TE","journée · 8h-18h30 · Dijon",""),IF('Roulement V2'!K43="TE","journée · 8h-18h30 · Beaune",""),IF('Roulement V2'!L43="TE","journée · 8h-18h30 · Dijon",""))} | G9: {=_xlfn.TEXTJOIN(" + ",TRUE,IF('Roulement V2'!M36="TE","J1 · 8h-16h · Beaune",""),IF('Roulement V2'!N36="TE","J1 · 8h-16h · Dijon",""),IF('Roulement V2'!M37="TE","J2 · 14h-22h · Beaune",""),IF('Roulement V2'!N37="TE","J2 · 14h-22h · Dijon",""),IF('Roulement V2'!M38="TE","journée · 8h-18h30 · Beaune",""),IF('Roulement V2'!N38="TE","journée · 8h-18h30 · Dijon",""),IF('Roulement V2'!M39="TE","journée · 8h-18h30 · Beaune",""),IF('Roulement V2'!N39="TE","journée · 8h-18h30 · Dijon",""),IF('Roulement V2'!M40="TE","J5 · 12h-20h · Beaune",""),IF('Roulement V2'!N40="TE","J5 · 12h-20h · Dijon",""),IF('Roulement V2'!M41="TE","préJ2/J6 · 8h-14h · Beaune",""),IF('Roulement V2'!N41="TE","préJ2/J6 · 8h-14h · Dijon",""),IF('Roulement V2'!M42="TE","journée · 8h-18h30 · Beaune",""),IF('Roulement V2'!N42="TE","journée · 8h-18h30 · Dijon",""),IF('Roulement V2'!M43="TE","journée · 8h-18h30 · Beaune",""),IF('Roulement V2'!N43="TE","journée · 8h-18h30 · Dijon",""))} | H9: {=_xlfn.TEXTJOIN(" + ",TRUE,IF('Roulement V2'!O36="TE","J1 · 8h-16h · Beaune",""),IF('Roulement V2'!P36="TE","J1 · 8h-16h · Dijon",""),IF('Roulement V2'!O37="TE","J2 · 14h-22h · Beaune",""),IF('Roulement V2'!P37="TE","J2 · 14h-22h · Dijon",""),IF('Roulement V2'!O38="TE","journée · 8h-18h30 · Beaune",""),IF('Roulement V2'!P38="TE","journée · 8h-18h30 · Dijon",""),IF('Roulement V2'!O39="TE","journée · 8h-18h30 · Beaune",""),IF('Roulement V2'!P39="TE","journée · 8h-18h30 · Dijon",""),IF('Roulement V2'!O40="TE","J5 · 12h-20h · Beaune",""),IF('Roulement V2'!P40="TE","J5 · 12h-20h · Dijon",""),IF('Roulement V2'!O41="TE","préJ2/J6 · 8h-14h · Beaune",""),IF('Roulement V2'!P41="TE","préJ2/J6 · 8h-14h · Dijon",""),IF('Roulement V2'!O42="TE","journée · 8h-18h30 · Beaune",""),IF('Roulement V2'!P42="TE","journée · 8h-18h30 · Dijon",""),IF('Roulement V2'!O43="TE","journée · 8h-18h30 · Beaune",""),IF('Roulement V2'!P43="TE","journée · 8h-18h30 · Dijon",""))} | I9: {=_xlfn.TEXTJOIN(" + ",TRUE,IF('Roulement V2'!Q36="TE","J1 · 8h-16h · Beaune",""),IF('Roulement V2'!R36="TE","J1 · 8h-16h · Dijon",""),IF('Roulement V2'!Q37="TE","J2 · 14h-22h · Beaune",""),IF('Roulement V2'!R37="TE","J2 · 14h-22h · Dijon",""),IF('Roulement V2'!Q38="TE","journée · 8h-18h30 · Beaune",""),IF('Roulement V2'!R38="TE","journée · 8h-18h30 · Dijon",""),IF('Roulement V2'!Q39="TE","journée · 8h-18h30 · Beaune",""),IF('Roulement V2'!R39="TE","journée · 8h-18h30 · Dijon",""),IF('Roulement V2'!Q40="TE","J5 · 12h-20h · Beaune",""),IF('Roulement V2'!R40="TE","J5 · 12h-20h · Dijon",""),IF('Roulement V2'!Q41="TE","préJ2/J6 · 8h-14h · Beaune",""),IF('Roulement V2'!R41="TE","préJ2/J6 · 8h-14h · Dijon",""),IF('Roulement V2'!Q42="TE","journée · 8h-18h30 · Beaune",""),IF('Roulement V2'!R42="TE","journée · 8h-18h30 · Dijon",""),IF('Roulement V2'!Q43="TE","journée · 8h-18h30 · Beaune",""),IF('Roulement V2'!R43="TE","journée · 8h-18h30 · Dijon",""))} -> journée · 8h-18h30 · Beaune
A10: Samedi | B10: {=_xlfn.TEXTJOIN(" + ",TRUE,IF('Roulement V2'!C44="TE","Garde · Beaune",""),IF('Roulement V2'!D44="TE","Garde · Dijon",""),IF('Roulement V2'!C45="TE","Doublon · Beaune",""),IF('Roulement V2'!D45="TE","Doublon · Dijon",""))} | C10: {=_xlfn.TEXTJOIN(" + ",TRUE,IF('Roulement V2'!E44="TE","Garde · Beaune",""),IF('Roulement V2'!F44="TE","Garde · Dijon",""),IF('Roulement V2'!E45="TE","Doublon · Beaune",""),IF('Roulement V2'!F45="TE","Doublon · Dijon",""))} | D10: {=_xlfn.TEXTJOIN(" + ",TRUE,IF('Roulement V2'!G44="TE","Garde · Beaune",""),IF('Roulement V2'!H44="TE","Garde · Dijon",""),IF('Roulement V2'!G45="TE","Doublon · Beaune",""),IF('Roulement V2'!H45="TE","Doublon · Dijon",""))} -> Garde · Dijon | E10: {=_xlfn.TEXTJOIN(" + ",TRUE,IF('Roulement V2'!I44="TE","Garde · Beaune",""),IF('Roulement V2'!J44="TE","Garde · Dijon",""),IF('Roulement V2'!I45="TE","Doublon · Beaune",""),IF('Roulement V2'!J45="TE","Doublon · Dijon",""))} | F10: {=_xlfn.TEXTJOIN(" + ",TRUE,IF('Roulement V2'!K44="TE","Garde · Beaune",""),IF('Roulement V2'!L44="TE","Garde · Dijon",""),IF('Roulement V2'!K45="TE","Doublon · Beaune",""),IF('Roulement V2'!L45="TE","Doublon · Dijon",""))} | G10: {=_xlfn.TEXTJOIN(" + ",TRUE,IF('Roulement V2'!M44="TE","Garde · Beaune",""),IF('Roulement V2'!N44="TE","Garde · Dijon",""),IF('Roulement V2'!M45="TE","Doublon · Beaune",""),IF('Roulement V2'!N45="TE","Doublon · Dijon",""))} | H10: {=_xlfn.TEXTJOIN(" + ",TRUE,IF('Roulement V2'!O44="TE","Garde · Beaune",""),IF('Roulement V2'!P44="TE","Garde · Dijon",""),IF('Roulement V2'!O45="TE","Doublon · Beaune",""),IF('Roulement V2'!P45="TE","Doublon · Dijon",""))} -> Garde · Beaune | I10: {=_xlfn.TEXTJOIN(" + ",TRUE,IF('Roulement V2'!Q44="TE","Garde · Beaune",""),IF('Roulement V2'!R44="TE","Garde · Dijon",""),IF('Roulement V2'!Q45="TE","Doublon · Beaune",""),IF('Roulement V2'!R45="TE","Doublon · Dijon",""))}
A11: Dimanche | B11: {=_xlfn.TEXTJOIN(" + ",TRUE,IF('Roulement V2'!C46="TE","Garde · Beaune",""),IF('Roulement V2'!D46="TE","Garde · Dijon",""),IF('Roulement V2'!C47="TE","Doublon · Beaune",""),IF('Roulement V2'!D47="TE","Doublon · Dijon",""))} | C11: {=_xlfn.TEXTJOIN(" + ",TRUE,IF('Roulement V2'!E46="TE","Garde · Beaune",""),IF('Roulement V2'!F46="TE","Garde · Dijon",""),IF('Roulement V2'!E47="TE","Doublon · Beaune",""),IF('Roulement V2'!F47="TE","Doublon · Dijon",""))} | D11: {=_xlfn.TEXTJOIN(" + ",TRUE,IF('Roulement V2'!G46="TE","Garde · Beaune",""),IF('Roulement V2'!H46="TE","Garde · Dijon",""),IF('Roulement V2'!G47="TE","Doublon · Beaune",""),IF('Roulement V2'!H47="TE","Doublon · Dijon",""))} -> Garde · Dijon | E11: {=_xlfn.TEXTJOIN(" + ",TRUE,IF('Roulement V2'!I46="TE","Garde · Beaune",""),IF('Roulement V2'!J46="TE","Garde · Dijon",""),IF('Roulement V2'!I47="TE","Doublon · Beaune",""),IF('Roulement V2'!J47="TE","Doublon · Dijon",""))} | F11: {=_xlfn.TEXTJOIN(" + ",TRUE,IF('Roulement V2'!K46="TE","Garde · Beaune",""),IF('Roulement V2'!L46="TE","Garde · Dijon",""),IF('Roulement V2'!K47="TE","Doublon · Beaune",""),IF('Roulement V2'!L47="TE","Doublon · Dijon",""))} | G11: {=_xlfn.TEXTJOIN(" + ",TRUE,IF('Roulement V2'!M46="TE","Garde · Beaune",""),IF('Roulement V2'!N46="TE","Garde · Dijon",""),IF('Roulement V2'!M47="TE","Doublon · Beaune",""),IF('Roulement V2'!N47="TE","Doublon · Dijon",""))} | H11: {=_xlfn.TEXTJOIN(" + ",TRUE,IF('Roulement V2'!O46="TE","Garde · Beaune",""),IF('Roulement V2'!P46="TE","Garde · Dijon",""),IF('Roulement V2'!O47="TE","Doublon · Beaune",""),IF('Roulement V2'!P47="TE","Doublon · Dijon",""))} -> Garde · Beaune | I11: {=_xlfn.TEXTJOIN(" + ",TRUE,IF('Roulement V2'!Q46="TE","Garde · Beaune",""),IF('Roulement V2'!R46="TE","Garde · Dijon",""),IF('Roulement V2'!Q47="TE","Doublon · Beaune",""),IF('Roulement V2'!R47="TE","Doublon · Dijon",""))}
A14: Récapitulatif — sur 8 semaines (mise à jour automatique)
A15: J1 · 8h-16h | B15: {=COUNTIF(B5:I9,"*J1 · 8h-16h*")} -> 6 | D15: Beaune | E15: {=COUNTIF(B5:I9,"*Beaune*")} -> 15
A16: J2 · 14h-22h | B16: {=COUNTIF(B5:I9,"*J2 · 14h-22h*")} -> 8 | D16: Dijon | E16: {=COUNTIF(B5:I9,"*Dijon*")} -> 11
A17: Journée · 8h-18h30 | B17: {=COUNTIF(B5:I9,"*journée · 8h-18h30*")} -> 12
A18: Total semaine | B18: {=COUNTIF(B5:I9,"?*")} -> 26 | D18: Gardes WE | E18: {=COUNTIF(B10:I11,"*Garde*")} -> 4
D19: Doublons WE | E19: {=COUNTIF(B10:I11,"*Doublon*")} -> 0

Sheet Airelle Sauvage
A1: Planning V2 — Airelle Sauvage (AS)
A2: Roulement sur 8 semaines · lié à la feuille "Roulement V2" (mise à jour automatique)
A4: Jour | B4: S1 | C4: S2 | D4: S3 | E4: S4 | F4: S5 | G4: S6 | H4: S7 | I4: S8
A5: Lundi | B5: {=_xlfn.TEXTJOIN(" + ",TRUE,IF('Roulement V2'!C4="AS","J1 · 8h-16h · Beaune",""),IF('Roulement V2'!D4="AS","J1 · 8h-16h · Dijon",""),IF('Roulement V2'!C5="AS","J2 · 14h-22h · Beaune",""),IF('Roulement V2'!D5="AS","J2 · 14h-22h · Dijon",""),IF('Roulement V2'!C6="AS","journée · 8h-18h30 · Beaune",""),IF('Roulement V2'!D6="AS","journée · 8h-18h30 · Dijon",""),IF('Roulement V2'!C7="AS","journée · 8h-18h30 · Beaune",""),IF('Roulement V2'!D7="AS","journée · 8h-18h30 · Dijon",""),IF('Roulement V2'!C8="AS","J5 · 12h-20h · Beaune",""),IF('Roulement V2'!D8="AS","J5 · 12h-20h · Dijon",""),IF('Roulement V2'!C9="AS","préJ2/J6 · 8h-14h · Beaune",""),IF('Roulement V2'!D9="AS","préJ2/J6 · 8h-14h · Dijon",""),IF('Roulement V2'!C10="AS","journée · 8h-18h30 · Beaune",""),IF('Roulement V2'!D10="AS","journée · 8h-18h30 · Dijon",""),IF('Roulement V2'!C11="AS","journée · 8h-18h30 · Beaune",""),IF('Roulement V2'!D11="AS","journée · 8h-18h30 · Dijon",""))} -> journée · 8h-18h30 · Beaune | C5: {=_xlfn.TEXTJOIN(" + ",TRUE,IF('Roulement V2'!E4="AS","J1 · 8h-16h · Beaune",""),IF('Roulement V2'!F4="AS","J1 · 8h-16h · Dijon",""),IF('Roulement V2'!E5="AS","J2 · 14h-22h · Beaune",""),IF('Roulement V2'!F5="AS","J2 · 14h-22h · Dijon",""),IF('Roulement V2'!E6="AS","journée · 8h-18h30 · Beaune",""),IF('Roulement V2'!F6="AS","journée · 8h-18h30 · Dijon",""),IF('Roulement V2'!E7="AS","journée · 8h-18h30 · Beaune",""),IF('Roulement V2'!F7="AS","journée · 8h-18h30 · Dijon",""),IF('Roulement V2'!E8="AS","J5 · 12h-20h · Beaune",""),IF('Roulement V2'!F8="AS","J5 · 12h-20h · Dijon",""),IF('Roulement V2'!E9="AS","préJ2/J6 · 8h-14h · Beaune",""),IF('Roulement V2'!F9="AS","préJ2/J6 · 8h-14h · Dijon",""),IF('Roulement V2'!E10="AS","journée · 8h-18h30 · Beaune",""),IF('Roulement V2'!F10="AS","journée · 8h-18h30 · Dijon",""),IF('Roulement V2'!E11="AS","journée · 8h-18h30 · Beaune",""),IF('Roulement V2'!F11="AS","journée · 8h-18h30 · Dijon",""))} | D5: {=_xlfn.TEXTJOIN(" + ",TRUE,IF('Roulement V2'!G4="AS","J1 · 8h-16h · Beaune",""),IF('Roulement V2'!H4="AS","J1 · 8h-16h · Dijon",""),IF('Roulement V2'!G5="AS","J2 · 14h-22h · Beaune",""),IF('Roulement V2'!H5="AS","J2 · 14h-22h · Dijon",""),IF('Roulement V2'!G6="AS","journée · 8h-18h30 · Beaune",""),IF('Roulement V2'!H6="AS","journée · 8h-18h30 · Dijon",""),IF('Roulement V2'!G7="AS","journée · 8h-18h30 · Beaune",""),IF('Roulement V2'!H7="AS","journée · 8h-18h30 · Dijon",""),IF('Roulement V2'!G8="AS","J5 · 12h-20h · Beaune",""),IF('Roulement V2'!H8="AS","J5 · 12h-20h · Dijon",""),IF('Roulement V2'!G9="AS","préJ2/J6 · 8h-14h · Beaune",""),IF('Roulement V2'!H9="AS","préJ2/J6 · 8h-14h · Dijon",""),IF('Roulement V2'!G10="AS","journée · 8h-18h30 · Beaune",""),IF('Roulement V2'!H10="AS","journée · 8h-18h30 · Dijon",""),IF('Roulement V2'!G11="AS","journée · 8h-18h30 · Beaune",""),IF('Roulement V2'!H11="AS","journée · 8h-18h30 · Dijon",""))} -> journée · 8h-18h30 · Dijon | E5: {=_xlfn.TEXTJOIN(" + ",TRUE,IF('Roulement V2'!I4="AS","J1 · 8h-16h · Beaune",""),IF('Roulement V2'!J4="AS","J1 · 8h-16h · Dijon",""),IF('Roulement V2'!I5="AS","J2 · 14h-22h · Beaune",""),IF('Roulement V2'!J5="AS","J2 · 14h-22h · Dijon",""),IF('Roulement V2'!I6="AS","journée · 8h-18h30 · Beaune",""),IF('Roulement V2'!J6="AS","journée · 8h-18h30 · Dijon",""),IF('Roulement V2'!I7="AS","journée · 8h-18h30 · Beaune",""),IF('Roulement V2'!J7="AS","journée · 8h-18h30 · Dijon",""),IF('Roulement V2'!I8="AS","J5 · 12h-20h · Beaune",""),IF('Roulement V2'!J8="AS","J5 · 12h-20h · Dijon",""),IF('Roulement V2'!I9="AS","préJ2/J6 · 8h-14h · Beaune",""),IF('Roulement V2'!J9="AS","préJ2/J6 · 8h-14h · Dijon",""),IF('Roulement V2'!I10="AS","journée · 8h-18h30 · Beaune",""),IF('Roulement V2'!J10="AS","journée · 8h-18h30 · Dijon",""),IF('Roulement V2'!I11="AS","journée · 8h-18h30 · Beaune",""),IF('Roulement V2'!J11="AS","journée · 8h-18h30 · Dijon",""))} -> journée · 8h-18h30 · Dijon | F5: {=_xlfn.TEXTJOIN(" + ",TRUE,IF('Roulement V2'!K4="AS","J1 · 8h-16h · Beaune",""),IF('Roulement V2'!L4="AS","J1 · 8h-16h · Dijon",""),IF('Roulement V2'!K5="AS","J2 · 14h-22h · Beaune",""),IF('Roulement V2'!L5="AS","J2 · 14h-22h · Dijon",""),IF('Roulement V2'!K6="AS","journée · 8h-18h30 · Beaune",""),IF('Roulement V2'!L6="AS","journée · 8h-18h30 · Dijon",""),IF('Roulement V2'!K7="AS","journée · 8h-18h30 · Beaune",""),IF('Roulement V2'!L7="AS","journée · 8h-18h30 · Dijon",""),IF('Roulement V2'!K8="AS","J5 · 12h-20h · Beaune",""),IF('Roulement V2'!L8="AS","J5 · 12h-20h · Dijon",""),IF('Roulement V2'!K9="AS","préJ2/J6 · 8h-14h · Beaune",""),IF('Roulement V2'!L9="AS","préJ2/J6 · 8h-14h · Dijon",""),IF('Roulement V2'!K10="AS","journée · 8h-18h30 · Beaune",""),IF('Roulement V2'!L10="AS","journée · 8h-18h30 · Dijon",""),IF('Roulement V2'!K11="AS","journée · 8h-18h30 · Beaune",""),IF('Roulement V2'!L11="AS","journée · 8h-18h30 · Dijon",""))} -> journée · 8h-18h30 · Dijon | G5: {=_xlfn.TEXTJOIN(" + ",TRUE,IF('Roulement V2'!M4="AS","J1 · 8h-16h · Beaune",""),IF('Roulement V2'!N4="AS","J1 · 8h-16h · Dijon",""),IF('Roulement V2'!M5="AS","J2 · 14h-22h · Beaune",""),IF('Roulement V2'!N5="AS","J2 · 14h-22h · Dijon",""),IF('Roulement V2'!M6="AS","journée · 8h-18h30 · Beaune",""),IF('Roulement V2'!N6="AS","journée · 8h-18h30 · Dijon",""),IF('Roulement V2'!M7="AS","journée · 8h-18h30 · Beaune",""),IF('Roulement V2'!N7="AS","journée · 8h-18h30 · Dijon",""),IF('Roulement V2'!M8="AS","J5 · 12h-20h · Beaune",""),IF('Roulement V2'!N8="AS","J5 · 12h-20h · Dijon",""),IF('Roulement V2'!M9="AS","préJ2/J6 · 8h-14h · Beaune",""),IF('Roulement V2'!N9="AS","préJ2/J6 · 8h-14h · Dijon",""),IF('Roulement V2'!M10="AS","journée · 8h-18h30 · Beaune",""),IF('Roulement V2'!N10="AS","journée · 8h-18h30 · Dijon",""),IF('Roulement V2'!M11="AS","journée · 8h-18h30 · Beaune",""),IF('Roulement V2'!N11="AS","journée · 8h-18h30 · Dijon",""))} | H5: {=_xlfn.TEXTJOIN(" + ",TRUE,IF('Roulement V2'!O4="AS","J1 · 8h-16h · Beaune",""),IF('Roulement V2'!P4="AS","J1 · 8h-16h · Dijon",""),IF('Roulement V2'!O5="AS","J2 · 14h-22h · Beaune",""),IF('Roulement V2'!P5="AS","J2 · 14h-22h · Dijon",""),IF('Roulement V2'!O6="AS","journée · 8h-18h30 · Beaune",""),IF('Roulement V2'!P6="AS","journée · 8h-18h30 · Dijon",""),IF('Roulement V2'!O7="AS","journée · 8h-18h30 · Beaune",""),IF('Roulement V2'!P7="AS","journée · 8h-18h30 · Dijon",""),IF('Roulement V2'!O8="AS","J5 · 12h-20h · Beaune",""),IF('Roulement V2'!P8="AS","J5 · 12h-20h · Dijon",""),IF('Roulement V2'!O9="AS","préJ2/J6 · 8h-14h · Beaune",""),IF('Roulement V2'!P9="AS","préJ2/J6 · 8h-14h · Dijon",""),IF('Roulement V2'!O10="AS","journée · 8h-18h30 · Beaune",""),IF('Roulement V2'!P10="AS","journée · 8h-18h30 · Dijon",""),IF('Roulement V2'!O11="AS","journée · 8h-18h30 · Beaune",""),IF('Roulement V2'!P11="AS","journée · 8h-18h30 · Dijon",""))} -> J2 · 14h-22h · Dijon | I5: {=_xlfn.TEXTJOIN(" + ",TRUE,IF('Roulement V2'!Q4="AS","J1 · 8h-16h · Beaune",""),IF('Roulement V2'!R4="AS","J1 · 8h-16h · Dijon",""),IF('Roulement V2'!Q5="AS","J2 · 14h-22h · Beaune",""),IF('Roulement V2'!R5="AS","J2 · 14h-22h · Dijon",""),IF('Roulement V2'!Q6="AS","journée · 8h-18h30 · Beaune",""),IF('Roulement V2'!R6="AS","journée · 8h-18h30 · Dijon",""),IF('Roulement V2'!Q7="AS","journée · 8h-18h30 · Beaune",""),IF('Roulement V2'!R7="AS","journée · 8h-18h30 · Dijon",""),IF('Roulement V2'!Q8="AS","J5 · 12h-20h · Beaune",""),IF('Roulement V2'!R8="AS","J5 · 12h-20h · Dijon",""),IF('Roulement V2'!Q9="AS","préJ2/J6 · 8h-14h · Beaune",""),IF('Roulement V2'!R9="AS","préJ2/J6 · 8h-14h · Dijon",""),IF('Roulement V2'!Q10="AS","journée · 8h-18h30 · Beaune",""),IF('Roulement V2'!R10="AS","journée · 8h-18h30 · Dijon",""),IF('Roulement V2'!Q11="AS","journée · 8h-18h30 · Beaune",""),IF('Roulement V2'!R11="AS","journée · 8h-18h30 · Dijon",""))} -> journée · 8h-18h30 · Dijon
A6: Mardi | B6: {=_xlfn.TEXTJOIN(" + ",TRUE,IF('Roulement V2'!C12="AS","J1 · 8h-16h · Beaune",""),IF('Roulement V2'!D12="AS","J1 · 8h-16h · Dijon",""),IF('Roulement V2'!C13="AS","J2 · 14h-22h · Beaune",""),IF('Roulement V2'!D13="AS","J2 · 14h-22h · Dijon",""),IF('Roulement V2'!C14="AS","journée · 8h-18h30 · Beaune",""),IF('Roulement V2'!D14="AS","journée · 8h-18h30 · Dijon",""),IF('Roulement V2'!C15="AS","journée · 8h-18h30 · Beaune",""),IF('Roulement V2'!D15="AS","journée · 8h-18h30 · Dijon",""),IF('Roulement V2'!C16="AS","J5 · 12h-20h · Beaune",""),IF('Roulement V2'!D16="AS","J5 · 12h-20h · Dijon",""),IF('Roulement V2'!C17="AS","préJ2/J6 · 8h-14h · Beaune",""),IF('Roulement V2'!D17="AS","préJ2/J6 · 8h-14h · Dijon",""),IF('Roulement V2'!C18="AS","journée · 8h-18h30 · Beaune",""),IF('Roulement V2'!D18="AS","journée · 8h-18h30 · Dijon",""),IF('Roulement V2'!C19="AS","journée · 8h-18h30 · Beaune",""),IF('Roulement V2'!D19="AS","journée · 8h-18h30 · Dijon",""))} -> journée · 8h-18h30 · Dijon | C6: {=_xlfn.TEXTJOIN(" + ",TRUE,IF('Roulement V2'!E12="AS","J1 · 8h-16h · Beaune",""),IF('Roulement V2'!F12="AS","J1 · 8h-16h · Dijon",""),IF('Roulement V2'!E13="AS","J2 · 14h-22h · Beaune",""),IF('Roulement V2'!F13="AS","J2 · 14h-22h · Dijon",""),IF('Roulement V2'!E14="AS","journée · 8h-18h30 · Beaune",""),IF('Roulement V2'!F14="AS","journée · 8h-18h30 · Dijon",""),IF('Roulement V2'!E15="AS","journée · 8h-18h30 · Beaune",""),IF('Roulement V2'!F15="AS","journée · 8h-18h30 · Dijon",""),IF('Roulement V2'!E16="AS","J5 · 12h-20h · Beaune",""),IF('Roulement V2'!F16="AS","J5 · 12h-20h · Dijon",""),IF('Roulement V2'!E17="AS","préJ2/J6 · 8h-14h · Beaune",""),IF('Roulement V2'!F17="AS","préJ2/J6 · 8h-14h · Dijon",""),IF('Roulement V2'!E18="AS","journée · 8h-18h30 · Beaune",""),IF('Roulement V2'!F18="AS","journée · 8h-18h30 · Dijon",""),IF('Roulement V2'!E19="AS","journée · 8h-18h30 · Beaune",""),IF('Roulement V2'!F19="AS","journée · 8h-18h30 · Dijon",""))} -> journée · 8h-18h30 · Dijon | D6: {=_xlfn.TEXTJOIN(" + ",TRUE,IF('Roulement V2'!G12="AS","J1 · 8h-16h · Beaune",""),IF('Roulement V2'!H12="AS","J1 · 8h-16h · Dijon",""),IF('Roulement V2'!G13="AS","J2 · 14h-22h · Beaune",""),IF('Roulement V2'!H13="AS","J2 · 14h-22h · Dijon",""),IF('Roulement V2'!G14="AS","journée · 8h-18h30 · Beaune",""),IF('Roulement V2'!H14="AS","journée · 8h-18h30 · Dijon",""),IF('Roulement V2'!G15="AS","journée · 8h-18h30 · Beaune",""),IF('Roulement V2'!H15="AS","journée · 8h-18h30 · Dijon",""),IF('Roulement V2'!G16="AS","J5 · 12h-20h · Beaune",""),IF('Roulement V2'!H16="AS","J5 · 12h-20h · Dijon",""),IF('Roulement V2'!G17="AS","préJ2/J6 · 8h-14h · Beaune",""),IF('Roulement V2'!H17="AS","préJ2/J6 · 8h-14h · Dijon",""),IF('Roulement V2'!G18="AS","journée · 8h-18h30 · Beaune",""),IF('Roulement V2'!H18="AS","journée · 8h-18h30 · Dijon",""),IF('Roulement V2'!G19="AS","journée · 8h-18h30 · Beaune",""),IF('Roulement V2'!H19="AS","journée · 8h-18h30 · Dijon",""))} | E6: {=_xlfn.TEXTJOIN(" + ",TRUE,IF('Roulement V2'!I12="AS","J1 · 8h-16h · Beaune",""),IF('Roulement V2'!J12="AS","J1 · 8h-16h · Dijon",""),IF('Roulement V2'!I13="AS","J2 · 14h-22h · Beaune",""),IF('Roulement V2'!J13="AS","J2 · 14h-22h · Dijon",""),IF('Roulement V2'!I14="AS","journée · 8h-18h30 · Beaune",""),IF('Roulement V2'!J14="AS","journée · 8h-18h30 · Dijon",""),IF('Roulement V2'!I15="AS","journée · 8h-18h30 · Beaune",""),IF('Roulement V2'!J15="AS","journée · 8h-18h30 · Dijon",""),IF('Roulement V2'!I16="AS","J5 · 12h-20h · Beaune",""),IF('Roulement V2'!J16="AS","J5 · 12h-20h · Dijon",""),IF('Roulement V2'!I17="AS","préJ2/J6 · 8h-14h · Beaune",""),IF('Roulement V2'!J17="AS","préJ2/J6 · 8h-14h · Dijon",""),IF('Roulement V2'!I18="AS","journée · 8h-18h30 · Beaune",""),IF('Roulement V2'!J18="AS","journée · 8h-18h30 · Dijon",""),IF('Roulement V2'!I19="AS","journée · 8h-18h30 · Beaune",""),IF('Roulement V2'!J19="AS","journée · 8h-18h30 · Dijon",""))} -> journée · 8h-18h30 · Dijon | F6: {=_xlfn.TEXTJOIN(" + ",TRUE,IF('Roulement V2'!K12="AS","J1 · 8h-16h · Beaune",""),IF('Roulement V2'!L12="AS","J1 · 8h-16h · Dijon",""),IF('Roulement V2'!K13="AS","J2 · 14h-22h · Beaune",""),IF('Roulement V2'!L13="AS","J2 · 14h-22h · Dijon",""),IF('Roulement V2'!K14="AS","journée · 8h-18h30 · Beaune",""),IF('Roulement V2'!L14="AS","journée · 8h-18h30 · Dijon",""),IF('Roulement V2'!K15="AS","journée · 8h-18h30 · Beaune",""),IF('Roulement V2'!L15="AS","journée · 8h-18h30 · Dijon",""),IF('Roulement V2'!K16="AS","J5 · 12h-20h · Beaune",""),IF('Roulement V2'!L16="AS","J5 · 12h-20h · Dijon",""),IF('Roulement V2'!K17="AS","préJ2/J6 · 8h-14h · Beaune",""),IF('Roulement V2'!L17="AS","préJ2/J6 · 8h-14h · Dijon",""),IF('Roulement V2'!K18="AS","journée · 8h-18h30 · Beaune",""),IF('Roulement V2'!L18="AS","journée · 8h-18h30 · Dijon",""),IF('Roulement V2'!K19="AS","journée · 8h-18h30 · Beaune",""),IF('Roulement V2'!L19="AS","journée · 8h-18h30 · Dijon",""))} -> J2 · 14h-22h · Dijon | G6: {=_xlfn.TEXTJOIN(" + ",TRUE,IF('Roulement V2'!M12="AS","J1 · 8h-16h · Beaune",""),IF('Roulement V2'!N12="AS","J1 · 8h-16h · Dijon",""),IF('Roulement V2'!M13="AS","J2 · 14h-22h · Beaune",""),IF('Roulement V2'!N13="AS","J2 · 14h-22h · Dijon",""),IF('Roulement V2'!M14="AS","journée · 8h-18h30 · Beaune",""),IF('Roulement V2'!N14="AS","journée · 8h-18h30 · Dijon",""),IF('Roulement V2'!M15="AS","journée · 8h-18h30 · Beaune",""),IF('Roulement V2'!N15="AS","journée · 8h-18h30 · Dijon",""),IF('Roulement V2'!M16="AS","J5 · 12h-20h · Beaune",""),IF('Roulement V2'!N16="AS","J5 · 12h-20h · Dijon",""),IF('Roulement V2'!M17="AS","préJ2/J6 · 8h-14h · Beaune",""),IF('Roulement V2'!N17="AS","préJ2/J6 · 8h-14h · Dijon",""),IF('Roulement V2'!M18="AS","journée · 8h-18h30 · Beaune",""),IF('Roulement V2'!N18="AS","journée · 8h-18h30 · Dijon",""),IF('Roulement V2'!M19="AS","journée · 8h-18h30 · Beaune",""),IF('Roulement V2'!N19="AS","journée · 8h-18h30 · Dijon",""))} | H6: {=_xlfn.TEXTJOIN(" + ",TRUE,IF('Roulement V2'!O12="AS","J1 · 8h-16h · Beaune",""),IF('Roulement V2'!P12="AS","J1 · 8h-16h · Dijon",""),IF('Roulement V2'!O13="AS","J2 · 14h-22h · Beaune",""),IF('Roulement V2'!P13="AS","J2 · 14h-22h · Dijon",""),IF('Roulement V2'!O14="AS","journée · 8h-18h30 · Beaune",""),IF('Roulement V2'!P14="AS","journée · 8h-18h30 · Dijon",""),IF('Roulement V2'!O15="AS","journée · 8h-18h30 · Beaune",""),IF('Roulement V2'!P15="AS","journée · 8h-18h30 · Dijon",""),IF('Roulement V2'!O16="AS","J5 · 12h-20h · Beaune",""),IF('Roulement V2'!P16="AS","J5 · 12h-20h · Dijon",""),IF('Roulement V2'!O17="AS","préJ2/J6 · 8h-14h · Beaune",""),IF('Roulement V2'!P17="AS","préJ2/J6 · 8h-14h · Dijon",""),IF('Roulement V2'!O18="AS","journée · 8h-18h30 · Beaune",""),IF('Roulement V2'!P18="AS","journée · 8h-18h30 · Dijon",""),IF('Roulement V2'!O19="AS","journée · 8h-18h30 · Beaune",""),IF('Roulement V2'!P19="AS","journée · 8h-18h30 · Dijon",""))} -> journée · 8h-18h30 · Beaune | I6: {=_xlfn.TEXTJOIN(" + ",TRUE,IF('Roulement V2'!Q12="AS","J1 · 8h-16h · Beaune",""),IF('Roulement V2'!R12="AS","J1 · 8h-16h · Dijon",""),IF('Roulement V2'!Q13="AS","J2 · 14h-22h · Beaune",""),IF('Roulement V2'!R13="AS","J2 · 14h-22h · Dijon",""),IF('Roulement V2'!Q14="AS","journée · 8h-18h30 · Beaune",""),IF('Roulement V2'!R14="AS","journée · 8h-18h30 · Dijon",""),IF('Roulement V2'!Q15="AS","journée · 8h-18h30 · Beaune",""),IF('Roulement V2'!R15="AS","journée · 8h-18h30 · Dijon",""),IF('Roulement V2'!Q16="AS","J5 · 12h-20h · Beaune",""),IF('Roulement V2'!R16="AS","J5 · 12h-20h · Dijon",""),IF('Roulement V2'!Q17="AS","préJ2/J6 · 8h-14h · Beaune",""),IF('Roulement V2'!R17="AS","préJ2/J6 · 8h-14h · Dijon",""),IF('Roulement V2'!Q18="AS","journée · 8h-18h30 · Beaune",""),IF('Roulement V2'!R18="AS","journée · 8h-18h30 · Dijon",""),IF('Roulement V2'!Q19="AS","journée · 8h-18h30 · Beaune",""),IF('Roulement V2'!R19="AS","journée · 8h-18h30 · Dijon",""))} -> journée · 8h-18h30 · Dijon
